{
"variants": {
"colour=0": {"model": "cfm:bar_stool_white"},
"colour=1": {"model": "cfm:bar_stool_orange"},
"colour=2": {"model": "cfm:bar_stool_magenta"},
"colour=3": {"model": "cfm:bar_stool_light_blue"},
"colour=4": {"model": "cfm:bar_stool_yellow"},
"colour=5": {"model": "cfm:bar_stool_lime"},
"colour=6": {"model": "cfm:bar_stool_pink"},
"colour=7": {"model": "cfm:bar_stool_gray"},
"colour=8": {"model": "cfm:bar_stool_light_gray"},
"colour=9": {"model": "cfm:bar_stool_cyan"},
"colour=10": {"model": "cfm:bar_stool_purple"},
"colour=11": {"model": "cfm:bar_stool_blue"},
"colour=12": {"model": "cfm:bar_stool_brown"},
"colour=13": {"model": "cfm:bar_stool_green"},
"colour=14": {"model": "cfm:bar_stool_red"},
"colour=15": {"model": "cfm:bar_stool_black"}
}
}
