{
"variants": {
"facing=north,level=0": {"model": "cfm:bath_top_0_pre", "y": 270},
"facing=north,level=1": {"model": "cfm:bath_top_1_pre", "y": 270},
"facing=north,level=2": {"model": "cfm:bath_top_2_pre", "y": 270},
"facing=north,level=3": {"model": "cfm:bath_top_3_pre", "y": 270},
"facing=north,level=4": {"model": "cfm:bath_top_4_pre", "y": 270},
"facing=north,level=5": {"model": "cfm:bath_top_5_pre", "y": 270},
"facing=north,level=6": {"model": "cfm:bath_top_6_pre", "y": 270},
"facing=north,level=7": {"model": "cfm:bath_top_7_pre", "y": 270},
"facing=north,level=8": {"model": "cfm:bath_top_8_pre", "y": 270},
"facing=north,level=9": {"model": "cfm:bath_top_9_pre", "y": 270},
"facing=north,level=10": {"model": "cfm:bath_top_10_pre", "y": 270},
"facing=north,level=11": {"model": "cfm:bath_top_11_pre", "y": 270},
"facing=north,level=12": {"model": "cfm:bath_top_12_pre", "y": 270},
"facing=north,level=13": {"model": "cfm:bath_top_13_pre", "y": 270},
"facing=north,level=14": {"model": "cfm:bath_top_14_pre", "y": 270},
"facing=north,level=15": {"model": "cfm:bath_top_15_pre", "y": 270},
"facing=north,level=16": {"model": "cfm:bath_top_16_pre", "y": 270},

"facing=east,level=0": {"model": "cfm:bath_top_0_pre"},
"facing=east,level=1": {"model": "cfm:bath_top_1_pre"},
"facing=east,level=2": {"model": "cfm:bath_top_2_pre"},
"facing=east,level=3": {"model": "cfm:bath_top_3_pre"},
"facing=east,level=4": {"model": "cfm:bath_top_4_pre"},
"facing=east,level=5": {"model": "cfm:bath_top_5_pre"},
"facing=east,level=6": {"model": "cfm:bath_top_6_pre"},
"facing=east,level=7": {"model": "cfm:bath_top_7_pre"},
"facing=east,level=8": {"model": "cfm:bath_top_8_pre"},
"facing=east,level=9": {"model": "cfm:bath_top_9_pre"},
"facing=east,level=10": {"model": "cfm:bath_top_10_pre"},
"facing=east,level=11": {"model": "cfm:bath_top_11_pre"},
"facing=east,level=12": {"model": "cfm:bath_top_12_pre"},
"facing=east,level=13": {"model": "cfm:bath_top_13_pre"},
"facing=east,level=14": {"model": "cfm:bath_top_14_pre"},
"facing=east,level=15": {"model": "cfm:bath_top_15_pre"},
"facing=east,level=16": {"model": "cfm:bath_top_16_pre"},

"facing=south,level=0": {"model": "cfm:bath_top_0_pre", "y": 90},
"facing=south,level=1": {"model": "cfm:bath_top_1_pre", "y": 90},
"facing=south,level=2": {"model": "cfm:bath_top_2_pre", "y": 90},
"facing=south,level=3": {"model": "cfm:bath_top_3_pre", "y": 90},
"facing=south,level=4": {"model": "cfm:bath_top_4_pre", "y": 90},
"facing=south,level=5": {"model": "cfm:bath_top_5_pre", "y": 90},
"facing=south,level=6": {"model": "cfm:bath_top_6_pre", "y": 90},
"facing=south,level=7": {"model": "cfm:bath_top_7_pre", "y": 90},
"facing=south,level=8": {"model": "cfm:bath_top_8_pre", "y": 90},
"facing=south,level=9": {"model": "cfm:bath_top_9_pre", "y": 90},
"facing=south,level=10": {"model": "cfm:bath_top_10_pre", "y": 90},
"facing=south,level=11": {"model": "cfm:bath_top_11_pre", "y": 90},
"facing=south,level=12": {"model": "cfm:bath_top_12_pre", "y": 90},
"facing=south,level=13": {"model": "cfm:bath_top_13_pre", "y": 90},
"facing=south,level=14": {"model": "cfm:bath_top_14_pre", "y": 90},
"facing=south,level=15": {"model": "cfm:bath_top_15_pre", "y": 90},
"facing=south,level=16": {"model": "cfm:bath_top_16_pre", "y": 90},

"facing=west,level=0": {"model": "cfm:bath_top_0_pre", "y": 180},
"facing=west,level=1": {"model": "cfm:bath_top_1_pre", "y": 180},
"facing=west,level=2": {"model": "cfm:bath_top_2_pre", "y": 180},
"facing=west,level=3": {"model": "cfm:bath_top_3_pre", "y": 180},
"facing=west,level=4": {"model": "cfm:bath_top_4_pre", "y": 180},
"facing=west,level=5": {"model": "cfm:bath_top_5_pre", "y": 180},
"facing=west,level=6": {"model": "cfm:bath_top_6_pre", "y": 180},
"facing=west,level=7": {"model": "cfm:bath_top_7_pre", "y": 180},
"facing=west,level=8": {"model": "cfm:bath_top_8_pre", "y": 180},
"facing=west,level=9": {"model": "cfm:bath_top_9_pre", "y": 180},
"facing=west,level=10": {"model": "cfm:bath_top_10_pre", "y": 180},
"facing=west,level=11": {"model": "cfm:bath_top_11_pre", "y": 180},
"facing=west,level=12": {"model": "cfm:bath_top_12_pre", "y": 180},
"facing=west,level=13": {"model": "cfm:bath_top_13_pre", "y": 180},
"facing=west,level=14": {"model": "cfm:bath_top_14_pre", "y": 180},
"facing=west,level=15": {"model": "cfm:bath_top_15_pre", "y": 180},
"facing=west,level=16": {"model": "cfm:bath_top_16_pre", "y": 180}
}
}
