{
	"forge_marker": 1,
	"defaults": {
		"textures": {
			"1": "blocks/log_jungle",
			"2": "blocks/planks_jungle",
			"handle": "blocks/planks_jungle"
		},
		"model": "cfm:bedside_cabinet"
	},
	"variants": {
		"inventory": [{
			"model": "cfm:bedside_cabinet"
		}],
		"facing=north": {
			"model": "cfm:bedside_cabinet",
			"y": 270
		},
		"facing=south": {
			"model": "cfm:bedside_cabinet",
			"y": 90
		},
		"facing=east": {
			"model": "cfm:bedside_cabinet"
		},
		"facing=west": {
			"model": "cfm:bedside_cabinet",
			"y": 180
		}
	}
}