{
	"variants": {
		"facing=north,left=false,right=false": {"model": "cfm:bench_single"},
		"facing=east,left=false,right=false": {"model": "cfm:bench_single", "y": 90},
		"facing=south,left=false,right=false": {"model": "cfm:bench_single"},
		"facing=west,left=false,right=false": {"model": "cfm:bench_single", "y": 90},
		"facing=north,left=true,right=false": {"model": "cfm:bench_end", "y": 180},
		"facing=east,left=true,right=false": {"model": "cfm:bench_end", "y": 90},
		"facing=south,left=true,right=false": {"model": "cfm:bench_end", "y": 180},
		"facing=west,left=true,right=false": {"model": "cfm:bench_end", "y": 90},
		"facing=north,left=false,right=true": {"model": "cfm:bench_end"},
		"facing=east,left=false,right=true": {"model": "cfm:bench_end", "y": 270},
		"facing=south,left=false,right=true": {"model": "cfm:bench_end"},
		"facing=west,left=false,right=true": {"model": "cfm:bench_end", "y": 270},
		"facing=north,left=true,right=true": {"model": "cfm:bench_middle"},
		"facing=east,left=true,right=true": {"model": "cfm:bench_middle", "y": 90},
		"facing=south,left=true,right=true": {"model": "cfm:bench_middle"},
		"facing=west,left=true,right=true": {"model": "cfm:bench_middle", "y": 90}
	}
}
