{
	"forge_marker": 1,
	"defaults": {
		"textures": {
			"1": "blocks/stone",
			"2": "blocks/iron_block",
			"3": "blocks/stone_slab_top"
		},
		"model": "cfm:cabinet"
	},
	"variants": {
		"inventory": {
			"model": "cfm:cabinet"
		},
		"facing=north": {
			"model": "cfm:cabinet",
			"y": 270
		},
		"facing=south": {
			"model": "cfm:cabinet",
			"y": 90
		},
		"facing=east": {
			"model": "cfm:cabinet"
		},
		"facing=west": {
			"model": "cfm:cabinet",
			"y": 180
		}
	}
}