{
	"forge_marker": 1,
	"defaults": {
		"model": "cfm:cabinet",
		"textures": {
			"1": "blocks/hardened_clay_stained_cyan",
			"2": "blocks/concrete_gray",
			"3": "blocks/concrete_white"
		}
	},
	"variants": {
		"facing": {
			"north": { "y": 270 },
			"east":  { "y": 0   },
			"south": { "y": 90  },
			"west":  { "y": 180 }
		},
		"colour": {
			"0": {
				"textures": {
					"1": "blocks/hardened_clay_stained_white"
				}
			},
			"1": {
				"textures": {
					"1": "blocks/hardened_clay_stained_orange"
				}
			},
			"2": {
				"textures": {
					"1": "blocks/hardened_clay_stained_magenta"
				}
			},
			"3": {
				"textures": {
					"1": "blocks/hardened_clay_stained_light_blue"
				}
			},
			"4": {
				"textures": {
					"1": "blocks/hardened_clay_stained_yellow"
				}
			},
			"5": {
				"textures": {
					"1": "blocks/hardened_clay_stained_lime"
				}
			},
			"6": {
				"textures": {
					"1": "blocks/hardened_clay_stained_pink"
				}
			},
			"7": {
				"textures": {
					"1": "blocks/hardened_clay_stained_gray"
				}
			},
			"8": {
				"textures": {
					"1": "blocks/hardened_clay_stained_silver"
				}
			},
			"9": {
				"textures": {
					"1": "blocks/hardened_clay_stained_cyan"
				}
			},
			"10": {
				"textures": {
					"1": "blocks/hardened_clay_stained_purple"
				}
			},
			"11": {
				"textures": {
					"1": "blocks/hardened_clay_stained_blue"
				}
			},
			"12": {
				"textures": {
					"1": "blocks/hardened_clay_stained_brown"
				}
			},
			"13": {
				"textures": {
					"1": "blocks/hardened_clay_stained_green"
				}
			},
			"14": {
				"textures": {
					"1": "blocks/hardened_clay_stained_red"
				}
			},
			"15": {
				"textures": {
					"1": "blocks/hardened_clay_stained_black"
				}
			}
		}
	}
}