{
	"forge_marker": 1,
	"defaults": {
		"textures": {
			"couch": "cfm:blocks/wool_coloured_rainbow"
		},
		"model": "couch",
		"uvlock": true
	},
	"variants": {
		"inventory": {
			"model": "cfm:couch"
		},
		"facing": {
			"north": { "y": 270 },
			"east":  { "y": 0   },
			"south": { "y": 90  },
			"west":  { "y": 180 }
		},
		"type": {
			"both": {
				"model": "cfm:couch"
			},
			"left": {
				"model": "cfm:couch_left"
			},
			"right": {
				"model": "cfm:couch_right"
			},
			"none": {
				"model": "cfm:couch_none"
			},
			"corner_right": {
				"model": "cfm:couch_corner_right"
			},
			"corner_left": {
				"model": "cfm:couch_corner_left"
			}
		}
	}
}