{
	"forge_marker": 1,
	"defaults": {
		"model": "couch",
		"uvlock": true
	},
	"variants": {
		"colour": {
			"0": {
				"textures": {
					"couch": "blocks/wool_colored_white"
				}
			},
			"1": {
				"textures": {
					"couch": "blocks/wool_colored_orange"
				}
			},
			"2": {
				"textures": {
					"couch": "blocks/wool_colored_magenta"
				}
			},
			"3": {
				"textures": {
					"couch": "blocks/wool_colored_light_blue"
				}
			},
			"4": {
				"textures": {
					"couch": "blocks/wool_colored_yellow"
				}
			},
			"5": {
				"textures": {
					"couch": "blocks/wool_colored_lime"
				}
			},
			"6": {
				"textures": {
					"couch": "blocks/wool_colored_pink"
				}
			},
			"7": {
				"textures": {
					"couch": "blocks/wool_colored_gray"
				}
			},
			"8": {
				"textures": {
					"couch": "blocks/wool_colored_silver"
				}
			},
			"9": {
				"textures": {
					"couch": "blocks/wool_colored_cyan"
				}
			},
			"10": {
				"textures": {
					"couch": "blocks/wool_colored_purple"
				}
			},
			"11": {
				"textures": {
					"couch": "blocks/wool_colored_blue"
				}
			},
			"12": {
				"textures": {
					"couch": "blocks/wool_colored_brown"
				}
			},
			"13": {
				"textures": {
					"couch": "blocks/wool_colored_green"
				}
			},
			"14": {
				"textures": {
					"couch": "blocks/wool_colored_red"
				}
			},
			"15": {
				"textures": {
					"couch": "blocks/wool_colored_black"
				}
			}
		},
		"facing": {
			"north": { "y": 270 },
			"east":  { "y": 0   },
			"south": { "y": 90  },
			"west":  { "y": 180 }
		},
		"type": {
			"both": {
				"model": "cfm:couch"
			},
			"left": {
				"model": "cfm:couch_left"
			},
			"right": {
				"model": "cfm:couch_right"
			},
			"none": {
				"model": "cfm:couch_none"
			},
			"corner_right": {
				"model": "cfm:couch_corner_right"
			},
			"corner_left": {
				"model": "cfm:couch_corner_left"
			}
		}
	}
}