{
    "forge_marker": 1,
    "variants": {
        "facing": {
            "north": { "y": 270 },
            "east":  { "y": 0   },
            "south": { "y": 90  },
            "west":  { "y": 180 }
        },
        "type": {
            "normal":       { "model": "cfm:counter_normal" },
            "corner_left":  { "model": "cfm:counter_corner_left" },
            "corner_right": { "model": "cfm:counter_corner_right" },
            "invert_left":  { "model": "cfm:counter_invert_left" },
            "invert_right": { "model": "cfm:counter_invert_right" }
        },
        "colour": {
            "0": {
                "textures": {
                    "top": "blocks/hardened_clay_stained_white"
                }
            },
            "1": {
                "textures": {
                    "top": "blocks/hardened_clay_stained_orange"
                }
            },
            "2": {
                "textures": {
                    "top": "blocks/hardened_clay_stained_magenta"
                }
            },
            "3": {
                "textures": {
                    "top": "blocks/hardened_clay_stained_light_blue"
                }
            },
            "4": {
                "textures": {
                    "top": "blocks/hardened_clay_stained_yellow"
                }
            },
            "5": {
                "textures": {
                    "top": "blocks/hardened_clay_stained_lime"
                }
            },
            "6": {
                "textures": {
                    "top": "blocks/hardened_clay_stained_pink"
                }
            },
            "7": {
                "textures": {
                    "top": "blocks/hardened_clay_stained_gray"
                }
            },
            "8": {
                "textures": {
                    "top": "blocks/hardened_clay_stained_silver"
                }
            },
            "9": {
                "textures": {
                    "top": "blocks/hardened_clay_stained_cyan"
                }
            },
            "10": {
                "textures": {
                    "top": "blocks/hardened_clay_stained_purple"
                }
            },
            "11": {
                "textures": {
                    "top": "blocks/hardened_clay_stained_blue"
                }
            },
            "12": {
                "textures": {
                    "top": "blocks/hardened_clay_stained_brown"
                }
            },
            "13": {
                "textures": {
                    "top": "blocks/hardened_clay_stained_green"
                }
            },
            "14": {
                "textures": {
                    "top": "blocks/hardened_clay_stained_red"
                }
            },
            "15": {
                "textures": {
                    "top": "blocks/hardened_clay_stained_black"
                }
            }
        }
    }
}