{
    "forge_marker": 1,
    "defaults": {
        "model": "cfm:counter_drawer"
    },
    "variants": {
        "facing": {
            "north": { "y": 270 },
            "east":  { "y": 0   },
            "south": { "y": 90  },
            "west":  { "y": 180 }
        },
        "colour": {
            "0": {
                "textures": {
                    "variant": "blocks/hardened_clay_stained_white"
                }
            },
            "1": {
                "textures": {
                    "variant": "blocks/hardened_clay_stained_orange"
                }
            },
            "2": {
                "textures": {
                    "variant": "blocks/hardened_clay_stained_magenta"
                }
            },
            "3": {
                "textures": {
                    "variant": "blocks/hardened_clay_stained_light_blue"
                }
            },
            "4": {
                "textures": {
                    "variant": "blocks/hardened_clay_stained_yellow"
                }
            },
            "5": {
                "textures": {
                    "variant": "blocks/hardened_clay_stained_lime"
                }
            },
            "6": {
                "textures": {
                    "variant": "blocks/hardened_clay_stained_pink"
                }
            },
            "7": {
                "textures": {
                    "variant": "blocks/hardened_clay_stained_gray"
                }
            },
            "8": {
                "textures": {
                    "variant": "blocks/hardened_clay_stained_silver"
                }
            },
            "9": {
                "textures": {
                    "variant": "blocks/hardened_clay_stained_cyan"
                }
            },
            "10": {
                "textures": {
                    "variant": "blocks/hardened_clay_stained_purple"
                }
            },
            "11": {
                "textures": {
                    "variant": "blocks/hardened_clay_stained_blue"
                }
            },
            "12": {
                "textures": {
                    "variant": "blocks/hardened_clay_stained_brown"
                }
            },
            "13": {
                "textures": {
                    "variant": "blocks/hardened_clay_stained_green"
                }
            },
            "14": {
                "textures": {
                    "variant": "blocks/hardened_clay_stained_red"
                }
            },
            "15": {
                "textures": {
                    "variant": "blocks/hardened_clay_stained_black"
                }
            }
        }
    }
}