{
    "forge_marker": 1,
    "variants": {
        "inventory": {
            "model": "cfm:curtains_open"
        },
        "facing": {
            "north": { "y": 270 },
            "east":  { "y": 0   },
            "south": { "y": 90  },
            "west":  { "y": 180 }
        },
        "colour": {
            "0": {
                "textures": {
                    "colour": "blocks/wool_colored_white"
                }
            },
            "1": {
                "textures": {
                    "colour": "blocks/wool_colored_orange"
                }
            },
            "2": {
                "textures": {
                    "colour": "blocks/wool_colored_magenta"
                }
            },
            "3": {
                "textures": {
                    "colour": "blocks/wool_colored_light_blue"
                }
            },
            "4": {
                "textures": {
                    "colour": "blocks/wool_colored_yellow"
                }
            },
            "5": {
                "textures": {
                    "colour": "blocks/wool_colored_lime"
                }
            },
            "6": {
                "textures": {
                    "colour": "blocks/wool_colored_pink"
                }
            },
            "7": {
                "textures": {
                    "colour": "blocks/wool_colored_gray"
                }
            },
            "8": {
                "textures": {
                    "colour": "blocks/wool_colored_silver"
                }
            },
            "9": {
                "textures": {
                    "colour": "blocks/wool_colored_cyan"
                }
            },
            "10": {
                "textures": {
                    "colour": "blocks/wool_colored_purple"
                }
            },
            "11": {
                "textures": {
                    "colour": "blocks/wool_colored_blue"
                }
            },
            "12": {
                "textures": {
                    "colour": "blocks/wool_colored_brown"
                }
            },
            "13": {
                "textures": {
                    "colour": "blocks/wool_colored_green"
                }
            },
            "14": {
                "textures": {
                    "colour": "blocks/wool_colored_red"
                }
            },
            "15": {
                "textures": {
                    "colour": "blocks/wool_colored_black"
                }
            }
        },
        "type": {
            "default": {
                "model": "cfm:curtains_open"
            },
            "right": {
                "model": "cfm:curtains_open_right"
            },
            "left": {
                "model": "cfm:curtains_open_left"
            },
            "right_open": {
                "model": "cfm:curtains_open_right_open"
            },
            "left_open": {
                "model": "cfm:curtains_open_left_open"
            },
            "right_closed": {
                "model": "cfm:curtains_open_right_closed"
            },
            "left_closed": {
                "model": "cfm:curtains_open_left_closed"
            },
            "both": {
                "model": "cfm:curtains_both"
            },
            "none": {
                "model": "cfm:curtains_none"
            }
        }
    }
}