{
    "forge_marker": 1,
    "defaults": {
        "textures": {
            "top": "blocks/hardened_clay_stained_brown",
            "primary": "blocks/log_oak",
            "secondary": "blocks/planks_oak"
        }
    },
    "variants": {
        "facing": {
            "north": { "y": 0   },
            "east":  { "y": 90  },
            "south": { "y": 180 },
            "west":  { "y": 270 }
        },
        "type": {
            "none":         { "model": "cfm:desk_none"         },
            "left":         { "model": "cfm:desk_left"         },
            "right":        { "model": "cfm:desk_right"        },
            "both":         { "model": "cfm:desk_both"         },
            "corner_left":  { "model": "cfm:desk_left_corner"  },
            "corner_right": { "model": "cfm:desk_right_corner" }
        }
    }
}