{
    "forge_marker": 1,
    "defaults": {
        "textures": {
            "1": "blocks/log_jungle"
        }
    },
    "variants": {
        "inventory": {
            "model": "cfm:door_bell_pre"
        },
        "facing": {
            "north": { "y": 270 },
            "east":  { "y": 0   },
            "south": { "y": 90  },
            "west":  { "y": 180 }
        },
        "powered": {
            "true": {
                "model": "cfm:door_bell_pressed_pre"
            },
            "false": {
                "model": "cfm:door_bell_pre"
            }
        }
    }
}
