{
	"forge_marker": 1,
	"defaults": {
		"model": "cfm:door_mat",
		"uvlock": true
	},
	"variants": {
		"facing": {
			"north": { "y": 0   },
			"east":  { "y": 90  },
			"south": { "y": 180 },
			"west":  { "y": 270 }
		},
		"colour": {
			"0": {
				"textures": {
					"mat": "blocks/wool_colored_white",
					"border": "blocks/concrete_white"
				}
			},
			"1": {
				"textures": {
					"mat": "blocks/wool_colored_orange",
					"border": "blocks/concrete_orange"
				}
			},
			"2": {
				"textures": {
					"mat": "blocks/wool_colored_magenta",
					"border": "blocks/concrete_magenta"
				}
			},
			"3": {
				"textures": {
					"mat": "blocks/wool_colored_light_blue",
					"border": "blocks/concrete_light_blue"
				}
			},
			"4": {
				"textures": {
					"mat": "blocks/wool_colored_yellow",
					"border": "blocks/concrete_yellow"
				}
			},
			"5": {
				"textures": {
					"mat": "blocks/wool_colored_lime",
					"border": "blocks/concrete_lime"
				}
			},
			"6": {
				"textures": {
					"mat": "blocks/wool_colored_pink",
					"border": "blocks/concrete_pink"
				}
			},
			"7": {
				"textures": {
					"mat": "blocks/wool_colored_gray",
					"border": "blocks/concrete_gray"
				}
			},
			"8": {
				"textures": {
					"mat": "blocks/wool_colored_silver",
					"border": "blocks/concrete_silver"
				}
			},
			"9": {
				"textures": {
					"mat": "blocks/wool_colored_cyan",
					"border": "blocks/concrete_cyan"
				}
			},
			"10": {
				"textures": {
					"mat": "blocks/wool_colored_purple",
					"border": "blocks/concrete_purple"
				}
			},
			"11": {
				"textures": {
					"mat": "blocks/wool_colored_blue",
					"border": "blocks/concrete_blue"
				}
			},
			"12": {
				"textures": {
					"mat": "blocks/wool_colored_brown",
					"border": "blocks/concrete_brown"
				}
			},
			"13": {
				"textures": {
					"mat": "blocks/wool_colored_green",
					"border": "blocks/concrete_green"
				}
			},
			"14": {
				"textures": {
					"mat": "blocks/wool_colored_red",
					"border": "blocks/concrete_red"
				}
			},
			"15": {
				"textures": {
					"mat": "blocks/wool_colored_black",
					"border": "blocks/concrete_black"
				}
			}
		}
	}
}