{
	"forge_marker": 1,
	"variants": {
		"facing": {
			"north": { "y": 0 },
			"east":  { "y": 90  },
			"south": { "y": 180 },
			"west":  { "y": 270 }
		},
		"open": {
			"true": {
				"model": "cfm:esky_opened"
			},
			"false": {
				"model": "cfm:esky_closed"
			}
		},
		"colour": {
			"0": {
				"textures": {
					"0": "blocks/hardened_clay_stained_white"
				}
			},
			"1": {
				"textures": {
					"0": "blocks/hardened_clay_stained_orange"
				}
			},
			"2": {
				"textures": {
					"0": "blocks/hardened_clay_stained_magenta"
				}
			},
			"3": {
				"textures": {
					"0": "blocks/hardened_clay_stained_light_blue"
				}
			},
			"4": {
				"textures": {
					"0": "blocks/hardened_clay_stained_yellow"
				}
			},
			"5": {
				"textures": {
					"0": "blocks/hardened_clay_stained_lime"
				}
			},
			"6": {
				"textures": {
					"0": "blocks/hardened_clay_stained_pink"
				}
			},
			"7": {
				"textures": {
					"0": "blocks/hardened_clay_stained_gray"
				}
			},
			"8": {
				"textures": {
					"0": "blocks/hardened_clay_stained_silver"
				}
			},
			"9": {
				"textures": {
					"0": "blocks/hardened_clay_stained_cyan"
				}
			},
			"10": {
				"textures": {
					"0": "blocks/hardened_clay_stained_purple"
				}
			},
			"11": {
				"textures": {
					"0": "blocks/hardened_clay_stained_blue"
				}
			},
			"12": {
				"textures": {
					"0": "blocks/hardened_clay_stained_brown"
				}
			},
			"13": {
				"textures": {
					"0": "blocks/hardened_clay_stained_green"
				}
			},
			"14": {
				"textures": {
					"0": "blocks/hardened_clay_stained_red"
				}
			},
			"15": {
				"textures": {
					"0": "blocks/hardened_clay_stained_black"
				}
			}
		}
	}
}