{
    "variants": {
        "facing=north,type=even": {"model": "cfm:fairy_light"},
        "facing=south,type=even": { "model": "cfm:fairy_light", "y": 180},
        "facing=east,type=even": { "model": "cfm:fairy_light", "y": 90},
        "facing=west,type=even": { "model": "cfm:fairy_light", "y": 270},
		"facing=north,type=odd": {"model": "cfm:fairy_light_odd"},
        "facing=south,type=odd": { "model": "cfm:fairy_light_odd", "y": 180},
        "facing=east,type=odd": { "model": "cfm:fairy_light_odd", "y": 90},
        "facing=west,type=odd": { "model": "cfm:fairy_light_odd", "y": 270}
    }
}
