{
	"forge_marker": 1,
	"defaults": {
		"textures": {
			"particle": "blocks/concrete_white",
			"gray": "blocks/concrete_gray",
			"silver": "blocks/concrete_silver",
			"white": "blocks/concrete_white"
		}
	},
	"variants": {
		"inventory": {
			"model": "cfm:fridge_full"
		},
		"facing=north": {
			"model": "cfm:freezer",
			"y": 270
		},
		"facing=south": {
			"model": "cfm:freezer",
			"y": 90
		},
		"facing=east": {
			"model": "cfm:freezer"
		},
		"facing=west": {
			"model": "cfm:freezer",
			"y": 180
		}
	}
}