{
    "forge_marker": 1,
    "defaults": {
        "uvlock": true
    },
    "variants": {
        "east=true,north=true,south=false,west=false": {
            "model": "cfm:granite_table_corner",
            "y": 270
        },
        "east=false,north=true,south=false,west=true": {
            "model": "cfm:granite_table_corner",
            "y": 180
        },
        "east=true,north=false,south=true,west=false": {
            "model": "cfm:granite_table_corner"
        },
        "east=false,north=false,south=true,west=true": {
            "model": "cfm:granite_table_corner",
            "y": 90
        },
        "east=false,north=true,south=false,west=false": {
            "model": "cfm:granite_table_end",
            "y": 270
        },
        "east=true,north=false,south=false,west=false": {
            "model": "cfm:granite_table_end"
        },
        "east=false,north=false,south=false,west=true": {
            "model": "cfm:granite_table_end",
            "y": 180
        },
        "east=false,north=false,south=true,west=false": {
            "model": "cfm:granite_table_end",
            "y": 90
        },
        "east=false,north=false,south=false,west=false": {
            "model": "cfm:granite_table"
        },
        "east=false,north=true,south=true,west=false": {
            "model": "cfm:granite_table_center"
        },
        "east=false,north=true,south=true,west=true": {
            "model": "cfm:granite_table_center"
        },
        "east=true,north=true,south=true,west=false": {
            "model": "cfm:granite_table_center"
        },
        "east=true,north=false,south=false,west=true": {
            "model": "cfm:granite_table_center"
        },
        "east=true,north=true,south=false,west=true": {
            "model": "cfm:granite_table_center"
        },
        "east=true,north=false,south=true,west=true": {
            "model": "cfm:granite_table_center"
        },
        "east=true,north=true,south=true,west=true": {
            "model": "cfm:granite_table_center"
        }
    }
}