{
    "variants": {
        "east=false,north=false,south=false,west=false": { "model": "cfm:hedge_none_jungle", "uvlock": true},
        "east=false,north=true,south=false,west=false": { "model": "cfm:hedge_one_jungle", "uvlock": true},
        "east=true,north=false,south=false,west=false": { "model": "cfm:hedge_one_jungle", "y": 90, "uvlock": true},
        "east=false,north=false,south=true,west=false": { "model": "cfm:hedge_one_jungle", "y": 180, "uvlock": true},
        "east=false,north=false,south=false,west=true": { "model": "cfm:hedge_one_jungle", "y": 270, "uvlock": true},
        "east=true,north=true,south=false,west=false": { "model": "cfm:hedge_two_jungle", "uvlock": true},
        "east=false,north=true,south=true,west=false": { "model": "cfm:hedge_two_alt_jungle", "uvlock": true},
        "east=false,north=true,south=false,west=true": { "model": "cfm:hedge_two_jungle", "y": 270, "uvlock": true},
        "east=true,north=false,south=false,west=true": { "model": "cfm:hedge_two_alt_jungle", "y": 90, "uvlock": true},
        "east=true,north=false,south=true,west=false": { "model": "cfm:hedge_two_jungle", "y": 90, "uvlock": true},
        "east=false,north=false,south=true,west=true": { "model": "cfm:hedge_two_jungle", "y": 180, "uvlock": true},
        "east=true,north=true,south=true,west=true": { "model": "cfm:hedge_four_jungle","uvlock": true},
        "east=true,north=true,south=true,west=false": { "model": "cfm:hedge_three_jungle", "uvlock": true},
        "east=true,north=true,south=false,west=true": { "model": "cfm:hedge_three_jungle", "y": 270, "uvlock": true},
        "east=false,north=true,south=true,west=true": { "model": "cfm:hedge_three_jungle", "y": 180, "uvlock": true },
        "east=true,north=false,south=true,west=true": { "model": "cfm:hedge_three_jungle", "y": 90, "uvlock": true},
        "east=true,north=true,south=true,west=true": { "model": "cfm:hedge_all_jungle", "uvlock": true}
    }
}