{
    "variants": {      
        "east=false,north=false,south=false,west=false": { "model": "cfm:hedge_none_birch", "uvlock": true},
        "east=false,north=true,south=false,west=false": { "model": "cfm:hedge_one_birch", "uvlock": true},
        "east=true,north=false,south=false,west=false": { "model": "cfm:hedge_one_birch", "y": 90, "uvlock": true},
        "east=false,north=false,south=true,west=false": { "model": "cfm:hedge_one_birch", "y": 180, "uvlock": true},
        "east=false,north=false,south=false,west=true": { "model": "cfm:hedge_one_birch", "y": 270, "uvlock": true},
        "east=true,north=true,south=false,west=false": { "model": "cfm:hedge_two_birch", "uvlock": true},
        "east=false,north=true,south=true,west=false": { "model": "cfm:hedge_two_alt_birch", "uvlock": true},
        "east=false,north=true,south=false,west=true": { "model": "cfm:hedge_two_birch", "y": 270, "uvlock": true},
        "east=true,north=false,south=false,west=true": { "model": "cfm:hedge_two_alt_birch", "y": 90, "uvlock": true},
        "east=true,north=false,south=true,west=false": { "model": "cfm:hedge_two_birch", "y": 90, "uvlock": true},
        "east=false,north=false,south=true,west=true": { "model": "cfm:hedge_two_birch", "y": 180, "uvlock": true},
        "east=true,north=true,south=true,west=true": { "model": "cfm:hedge_four_birch","uvlock": true},
        "east=true,north=true,south=true,west=false": { "model": "cfm:hedge_three_birch", "uvlock": true},
        "east=true,north=true,south=false,west=true": { "model": "cfm:hedge_three_birch", "y": 270, "uvlock": true},
        "east=false,north=true,south=true,west=true": { "model": "cfm:hedge_three_birch", "y": 180, "uvlock": true },
        "east=true,north=false,south=true,west=true": { "model": "cfm:hedge_three_birch", "y": 90, "uvlock": true},
        "east=true,north=true,south=true,west=true": { "model": "cfm:hedge_all_birch", "uvlock": true}
    }
}