{
    "variants": {
        "east=false,north=false,south=false,west=false": { "model": "cfm:hedge_none_spruce", "uvlock": true},
        "east=false,north=true,south=false,west=false": { "model": "cfm:hedge_one_spruce", "uvlock": true},
        "east=true,north=false,south=false,west=false": { "model": "cfm:hedge_one_spruce", "y": 90, "uvlock": true},
        "east=false,north=false,south=true,west=false": { "model": "cfm:hedge_one_spruce", "y": 180, "uvlock": true},
        "east=false,north=false,south=false,west=true": { "model": "cfm:hedge_one_spruce", "y": 270, "uvlock": true},
        "east=true,north=true,south=false,west=false": { "model": "cfm:hedge_two_spruce", "uvlock": true},
        "east=false,north=true,south=true,west=false": { "model": "cfm:hedge_two_alt_spruce", "uvlock": true},
        "east=false,north=true,south=false,west=true": { "model": "cfm:hedge_two_spruce", "y": 270, "uvlock": true},
        "east=true,north=false,south=false,west=true": { "model": "cfm:hedge_two_alt_spruce", "y": 90, "uvlock": true},
        "east=true,north=false,south=true,west=false": { "model": "cfm:hedge_two_spruce", "y": 90, "uvlock": true},
        "east=false,north=false,south=true,west=true": { "model": "cfm:hedge_two_spruce", "y": 180, "uvlock": true},
        "east=true,north=true,south=true,west=true": { "model": "cfm:hedge_four_spruce","uvlock": true},
        "east=true,north=true,south=true,west=false": { "model": "cfm:hedge_three_spruce", "uvlock": true},
        "east=true,north=true,south=false,west=true": { "model": "cfm:hedge_three_spruce", "y": 270, "uvlock": true},
        "east=false,north=true,south=true,west=true": { "model": "cfm:hedge_three_spruce", "y": 180, "uvlock": true },
        "east=true,north=false,south=true,west=true": { "model": "cfm:hedge_three_spruce", "y": 90, "uvlock": true},
        "east=true,north=true,south=true,west=true": { "model": "cfm:hedge_all_spruce", "uvlock": true}
    }
}