{
    "variants": {
        "east=false,north=false,south=false,west=false": { "model": "cfm:hedge_none_dark_oak", "uvlock": true},
        "east=false,north=true,south=false,west=false": { "model": "cfm:hedge_one_dark_oak", "uvlock": true},
        "east=true,north=false,south=false,west=false": { "model": "cfm:hedge_one_dark_oak", "y": 90, "uvlock": true},
        "east=false,north=false,south=true,west=false": { "model": "cfm:hedge_one_dark_oak", "y": 180, "uvlock": true},
        "east=false,north=false,south=false,west=true": { "model": "cfm:hedge_one_dark_oak", "y": 270, "uvlock": true},
        "east=true,north=true,south=false,west=false": { "model": "cfm:hedge_two_dark_oak", "uvlock": true},
        "east=false,north=true,south=true,west=false": { "model": "cfm:hedge_two_alt_dark_oak", "uvlock": true},
        "east=false,north=true,south=false,west=true": { "model": "cfm:hedge_two_dark_oak", "y": 270, "uvlock": true},
        "east=true,north=false,south=false,west=true": { "model": "cfm:hedge_two_alt_dark_oak", "y": 90, "uvlock": true},
        "east=true,north=false,south=true,west=false": { "model": "cfm:hedge_two_dark_oak", "y": 90, "uvlock": true},
        "east=false,north=false,south=true,west=true": { "model": "cfm:hedge_two_dark_oak", "y": 180, "uvlock": true},
        "east=true,north=true,south=true,west=true": { "model": "cfm:hedge_four_dark_oak","uvlock": true},
        "east=true,north=true,south=true,west=false": { "model": "cfm:hedge_three_dark_oak", "uvlock": true},
        "east=true,north=true,south=false,west=true": { "model": "cfm:hedge_three_dark_oak", "y": 270, "uvlock": true},
        "east=false,north=true,south=true,west=true": { "model": "cfm:hedge_three_dark_oak", "y": 180, "uvlock": true },
        "east=true,north=false,south=true,west=true": { "model": "cfm:hedge_three_dark_oak", "y": 90, "uvlock": true},
        "east=true,north=true,south=true,west=true": { "model": "cfm:hedge_all_dark_oak", "uvlock": true}
    }
}