{
    "variants": {
        "colour=0,down=false,up=false":  {"model": "cfm:lamp_white"},
        "colour=1,down=false,up=false":  {"model": "cfm:lamp_orange"},
        "colour=2,down=false,up=false":  {"model": "cfm:lamp_magenta"},
        "colour=3,down=false,up=false":  {"model": "cfm:lamp_light_blue"},
        "colour=4,down=false,up=false":  {"model": "cfm:lamp_yellow"},
        "colour=5,down=false,up=false":  {"model": "cfm:lamp_lime"},
        "colour=6,down=false,up=false":  {"model": "cfm:lamp_pink"},
        "colour=7,down=false,up=false":  {"model": "cfm:lamp_grey"},
        "colour=8,down=false,up=false":  {"model": "cfm:lamp_light_grey"},
        "colour=9,down=false,up=false":  {"model": "cfm:lamp_cyan"},
        "colour=10,down=false,up=false": {"model": "cfm:lamp_purple"},
        "colour=11,down=false,up=false": {"model": "cfm:lamp_blue"},
        "colour=12,down=false,up=false": {"model": "cfm:lamp_brown"},
        "colour=13,down=false,up=false": {"model": "cfm:lamp_green"},
        "colour=14,down=false,up=false": {"model": "cfm:lamp_red"},
        "colour=15,down=false,up=false": {"model": "cfm:lamp_black"},
        
        "colour=0,down=false,up=true":  {"model": "cfm:lamp_bottom"},
        "colour=1,down=false,up=true":  {"model": "cfm:lamp_bottom"},
        "colour=2,down=false,up=true":  {"model": "cfm:lamp_bottom"},
        "colour=3,down=false,up=true":  {"model": "cfm:lamp_bottom"},
        "colour=4,down=false,up=true":  {"model": "cfm:lamp_bottom"},
        "colour=5,down=false,up=true":  {"model": "cfm:lamp_bottom"},
        "colour=6,down=false,up=true":  {"model": "cfm:lamp_bottom"},
        "colour=7,down=false,up=true":  {"model": "cfm:lamp_bottom"},
        "colour=8,down=false,up=true":  {"model": "cfm:lamp_bottom"},
        "colour=9,down=false,up=true":  {"model": "cfm:lamp_bottom"},
        "colour=10,down=false,up=true": {"model": "cfm:lamp_bottom"},
        "colour=11,down=false,up=true": {"model": "cfm:lamp_bottom"},
        "colour=12,down=false,up=true": {"model": "cfm:lamp_bottom"},
        "colour=13,down=false,up=true": {"model": "cfm:lamp_bottom"},
        "colour=14,down=false,up=true": {"model": "cfm:lamp_bottom"},
        "colour=15,down=false,up=true": {"model": "cfm:lamp_bottom"},
        
        "colour=0,down=true,up=false":  {"model": "cfm:lamp_top_white"},
        "colour=1,down=true,up=false":  {"model": "cfm:lamp_top_orange"},
        "colour=2,down=true,up=false":  {"model": "cfm:lamp_top_magenta"},
        "colour=3,down=true,up=false":  {"model": "cfm:lamp_top_light_blue"},
        "colour=4,down=true,up=false":  {"model": "cfm:lamp_top_yellow"},
        "colour=5,down=true,up=false":  {"model": "cfm:lamp_top_lime"},
        "colour=6,down=true,up=false":  {"model": "cfm:lamp_top_pink"},
        "colour=7,down=true,up=false":  {"model": "cfm:lamp_top_grey"},
        "colour=8,down=true,up=false":  {"model": "cfm:lamp_top_light_grey"},
        "colour=9,down=true,up=false":  {"model": "cfm:lamp_top_cyan"},
        "colour=10,down=true,up=false": {"model": "cfm:lamp_top_purple"},
        "colour=11,down=true,up=false": {"model": "cfm:lamp_top_blue"},
        "colour=12,down=true,up=false": {"model": "cfm:lamp_top_brown"},
        "colour=13,down=true,up=false": {"model": "cfm:lamp_top_green"},
        "colour=14,down=true,up=false": {"model": "cfm:lamp_top_red"},
        "colour=15,down=true,up=false": {"model": "cfm:lamp_top_black"},
        
        "colour=0,down=true,up=true":  {"model": "cfm:lamp_middle"},
        "colour=1,down=true,up=true":  {"model": "cfm:lamp_middle"},
        "colour=2,down=true,up=true":  {"model": "cfm:lamp_middle"},
        "colour=3,down=true,up=true":  {"model": "cfm:lamp_middle"},
        "colour=4,down=true,up=true":  {"model": "cfm:lamp_middle"},
        "colour=5,down=true,up=true":  {"model": "cfm:lamp_middle"},
        "colour=6,down=true,up=true":  {"model": "cfm:lamp_middle"},
        "colour=7,down=true,up=true":  {"model": "cfm:lamp_middle"},
        "colour=8,down=true,up=true":  {"model": "cfm:lamp_middle"},
        "colour=9,down=true,up=true":  {"model": "cfm:lamp_middle"},
        "colour=10,down=true,up=true": {"model": "cfm:lamp_middle"},
        "colour=11,down=true,up=true": {"model": "cfm:lamp_middle"},
        "colour=12,down=true,up=true": {"model": "cfm:lamp_middle"},
        "colour=13,down=true,up=true": {"model": "cfm:lamp_middle"},
        "colour=14,down=true,up=true": {"model": "cfm:lamp_middle"},
        "colour=15,down=true,up=true": {"model": "cfm:lamp_middle"}
    }
}
