{
    "forge_marker": 1,
    "defaults": {
        "model": "cfm:modern_light_off"
    },
    "variants": {
        "inventory": {
            "model": "cfm:modern_light_off"
        },
        "facing": {
            "north": {
                "x": 90
            },
            "east": {
                "y": -90,
                "x": -90
            },
            "south": {
                "x": -90
            },
            "west": {
                "y": 90,
                "x": -90
            },
            "up": {},
            "down": {
                "x": 180
            }
        }
    }
}