{
	"forge_marker": 1,
	"defaults": {
		"model": "cfm:modern_coffee_table_single",
		"uvlock": true,
		"textures": {
			"particle": "blocks/concrete_white"
		}
	},
	"variants": {
		"inventory": [{
			"model": "cfm:modern_coffee_table_single"
		}],
		"east=false,north=true,south=false,west=true": {
			"model": "cfm:modern_coffee_table_two_alt",
			"y": 0
		},
		"east=true,north=true,south=false,west=false": {
			"model": "cfm:modern_coffee_table_two_alt",
			"y": 90
		},
		"east=false,north=false,south=true,west=true": {
			"model": "cfm:modern_coffee_table_two_alt",
			"y": 270
		},
		"east=true,north=false,south=true,west=false": {
			"model": "cfm:modern_coffee_table_two_alt",
			"y": 180
		},
		"east=false,north=true,south=false,west=false": {
			"model": "cfm:modern_coffee_table_one"
		},
		"east=false,north=false,south=false,west=true": {
			"model": "cfm:modern_coffee_table_one",
			"y": 270
		},
		"east=true,north=false,south=false,west=false": {
			"model": "cfm:modern_coffee_table_one",
			"y": 90
		},
		"east=false,north=false,south=true,west=false": {
			"model": "cfm:modern_coffee_table_one",
			"y": 180
		},
		"east=false,north=false,south=false,west=false": {
			"model": "cfm:modern_coffee_table_single"
		},
		"east=false,north=true,south=true,west=false": {
			"model": "cfm:modern_coffee_table_two",
			"y": 90
		},
		"east=true,north=true,south=true,west=false": {
			"model": "cfm:modern_coffee_table_three",
			"y": 90
		},
		"east=false,north=true,south=true,west=true": {
			"model": "cfm:modern_coffee_table_three",
			"y": 270
		},
		"east=true,north=false,south=false,west=true": {
			"model": "cfm:modern_coffee_table_two"
		},
		"east=true,north=true,south=false,west=true": {
			"model": "cfm:modern_coffee_table_three"
		},
		"east=true,north=false,south=true,west=true": {
			"model": "cfm:modern_coffee_table_three",
			"y": 180
		},
		"east=true,north=true,south=true,west=true": {
			"model": "cfm:modern_coffee_table_four"
		}
	}
}