{
	"forge_marker": 1,
	"defaults": {
		"model": "cfm:acacia_park_bench_single"
	},
	"variants": {
		"facing": {
			"north": { "y": 0   },
			"east":  { "y": 90  },
			"south": { "y": 180 },
			"west":  { "y": 270 }
		},
		"type": {
			"both": {
				"model": "cfm:acacia_park_bench_single"
			},
			"left": {
				"model": "cfm:acacia_park_bench_left"
			},
			"right": {
				"model": "cfm:acacia_park_bench_right"
			},
			"none": {
				"model": "cfm:acacia_park_bench_middle"
			}
		}
	}
}