{
    "variants": {
        "normal": [
            {"model": "cfm:stone_path_1_pre"},
            {"model": "cfm:stone_path_1_pre", "y": 90},
            {"model": "cfm:stone_path_1_pre", "y": 180},
            {"model": "cfm:stone_path_1_pre", "y": 270},
            {"model": "cfm:stone_path_2_pre"},
            {"model": "cfm:stone_path_2_pre", "y": 90} ,
            {"model": "cfm:stone_path_2_pre", "y": 180},
            {"model": "cfm:stone_path_2_pre", "y": 270}  
        ]
    }
}
