{
	"forge_marker": 1,
	"defaults": {
		"textures": {
			"0": "blocks/planks_big_oak",
			"1": "blocks/log_big_oak"
		},
		"model": "cfm:table_leg_center",
		"uvlock": true
	},
	"variants": {
		"inventory": [{
			"model": "cfm:table_leg_center"
		}],
		"back=false,forward=true,left=false,right=true": {
			"model": "cfm:table_leg_corner",
			"y": 270
		},
		"back=false,forward=true,left=true,right=false": {
			"model": "cfm:table_leg_corner",
			"y": 180
		},
		"back=true,forward=false,left=false,right=true": {
			"model": "cfm:table_leg_corner"
		},
		"back=true,forward=false,left=true,right=false": {
			"model": "cfm:table_leg_corner",
			"y": 90
		},
		"back=false,forward=true,left=false,right=false": {
			"model": "cfm:table_leg_end",
			"y": 270
		},
		"back=false,forward=false,left=false,right=true": {
			"model": "cfm:table_leg_end"
		},
		"back=false,forward=false,left=true,right=false": {
			"model": "cfm:table_leg_end",
			"y": 180
		},
		"back=true,forward=false,left=false,right=false": {
			"model": "cfm:table_leg_end",
			"y": 90
		},
		"back=false,forward=false,left=false,right=false": {
			"model": "cfm:table_leg_center"
		},
		"back=true,forward=true,left=false,right=false": {
			"model": "cfm:table_leg_none"
		},
		"back=true,forward=true,left=true,right=false": {
			"model": "cfm:table_leg_none"
		},
		"back=true,forward=true,left=false,right=true": {
			"model": "cfm:table_leg_none"
		},
		"back=false,forward=false,left=true,right=true": {
			"model": "cfm:table_leg_none"
		},
		"back=false,forward=true,left=true,right=true": {
			"model": "cfm:table_leg_none"
		},
		"back=true,forward=false,left=true,right=true": {
			"model": "cfm:table_leg_none"
		},
		"back=true,forward=true,left=true,right=true": {
			"model": "cfm:table_leg_none"
		}
	}
}