{
	"forge_marker": 1,
	"defaults": {
		"model": "cfm:table_outdoor_single",
		"uvlock": true
	},
	"variants": {
		"inventory": [{
			"model": "cfm:table_outdoor_single"
		}],
		"back=false,forward=true,left=false,right=true": {
			"model": "cfm:table_outdoor_corner"
		},
		"back=false,forward=true,left=true,right=false": {
			"model": "cfm:table_outdoor_corner",
			"y": 270
		},
		"back=true,forward=false,left=false,right=true": {
			"model": "cfm:table_outdoor_corner",
			"y": 90
		},
		"back=true,forward=false,left=true,right=false": {
			"model": "cfm:table_outdoor_corner",
			"y": 180
		},
		"back=false,forward=true,left=false,right=false": {
			"model": "cfm:table_outdoor_end"
		},
		"back=false,forward=false,left=false,right=true": {
			"model": "cfm:table_outdoor_end",
			"y": 90
		},
		"back=false,forward=false,left=true,right=false": {
			"model": "cfm:table_outdoor_end",
			"y": 270
		},
		"back=true,forward=false,left=false,right=false": {
			"model": "cfm:table_outdoor_end",
			"y": 180
		},
		"back=false,forward=false,left=false,right=false": {
			"model": "cfm:table_outdoor_single"
		},
		"back=true,forward=true,left=false,right=false": {
			"model": "cfm:table_outdoor_middle",
			"y": 90
		},
		"back=true,forward=true,left=true,right=false": {
			"model": "cfm:table_outdoor_three",
			"y": 270
		},
		"back=true,forward=true,left=false,right=true": {
			"model": "cfm:table_outdoor_three",
			"y": 90
		},
		"back=false,forward=false,left=true,right=true": {
			"model": "cfm:table_outdoor_middle"
		},
		"back=false,forward=true,left=true,right=true": {
			"model": "cfm:table_outdoor_three"
		},
		"back=true,forward=false,left=true,right=true": {
			"model": "cfm:table_outdoor_three",
			"y": 180
		},
		"back=true,forward=true,left=true,right=true": {
			"model": "cfm:table_outdoor_all"
		}
	}
}