{
	"forge_marker": 1,
	"defaults": {
		"model": "cfm:tv_stand",
		"textures": {
			"particle": "blocks/concrete_gray"
		}
	},
	"variants": {
		"inventory": {
			"model": "cfm:tv_stand"
		},
		"facing": {
			"north": { "y": 0   },
			"east":  { "y": 90  },
			"south": { "y": 180 },
			"west":  { "y": 270 }
		},
		"type": {
			"both": {
				"model": "cfm:tv_stand_both"
			},
			"left": {
				"model": "cfm:tv_stand_left"
			},
			"right": {
				"model": "cfm:tv_stand_right"
			},
			"none": {
				"model": "cfm:tv_stand"
			}
		}
	}
}