{
    "multipart": [
        {
            "when": { "AND": [
                { "facing": "north" },
                { "hinge": "left" },
                { "opened": "false" },
                { "pole": "true" }
            ]},
            "apply": { "model": "cfm:birch_upgraded_gate_left_closed", "y": 0 }
        },
        {
            "when": { "AND": [
                { "facing": "east" },
                { "hinge": "left" },
                { "opened": "false" },
                { "pole": "true" }
            ]},
            "apply": { "model": "cfm:birch_upgraded_gate_left_closed", "y": 90 }
        },
        {
            "when": { "AND": [
                { "facing": "south" },
                { "hinge": "left" },
                { "opened": "false" },
                { "pole": "true" }
            ]},
            "apply": { "model": "cfm:birch_upgraded_gate_left_closed", "y": 180 }
        },
        {
            "when": { "AND": [
                { "facing": "west" },
                { "hinge": "left" },
                { "opened": "false" },
                { "pole": "true" }
            ]},
            "apply": { "model": "cfm:birch_upgraded_gate_left_closed", "y": 270 }
        },
        {
            "when": { "AND": [
                { "facing": "north" },
                { "hinge": "left" },
                { "opened": "false" },
                { "pole": "false" }
            ]},
            "apply": { "model": "cfm:birch_upgraded_gate_left_closed_alt", "y": 0 }
        },
        {
            "when": { "AND": [
                { "facing": "east" },
                { "hinge": "left" },
                { "opened": "false" },
                { "pole": "false" }
            ]},
            "apply": { "model": "cfm:birch_upgraded_gate_left_closed_alt", "y": 90 }
        },
        {
            "when": { "AND": [
                { "facing": "south" },
                { "hinge": "left" },
                { "opened": "false" },
                { "pole": "false" }
            ]},
            "apply": { "model": "cfm:birch_upgraded_gate_left_closed_alt", "y": 180 }
        },
        {
            "when": { "AND": [
                { "facing": "west" },
                { "hinge": "left" },
                { "opened": "false" },
                { "pole": "false" }
            ]},
            "apply": { "model": "cfm:birch_upgraded_gate_left_closed_alt", "y": 270 }
        },
        {
            "when": { "AND": [
                { "facing": "north" },
                { "hinge": "right" },
                { "opened": "false" },
                { "pole": "true" }
            ]},
            "apply": { "model": "cfm:birch_upgraded_gate_right_closed", "y": 0 }
        },
        {
            "when": { "AND": [
                { "facing": "east" },
                { "hinge": "right" },
                { "opened": "false" },
                { "pole": "true" }
            ]},
            "apply": { "model": "cfm:birch_upgraded_gate_right_closed", "y": 90 }
        },
        {
            "when": { "AND": [
                { "facing": "south" },
                { "hinge": "right" },
                { "opened": "false" },
                { "pole": "true" }
            ]},
            "apply": { "model": "cfm:birch_upgraded_gate_right_closed", "y": 180 }
        },
        {
            "when": { "AND": [
                { "facing": "west" },
                { "hinge": "right" },
                { "opened": "false" },
                { "pole": "true" }
            ]},
            "apply": { "model": "cfm:birch_upgraded_gate_right_closed", "y": 270 }
        },
        {
            "when": { "AND": [
                { "facing": "north" },
                { "hinge": "right" },
                { "opened": "false" },
                { "pole": "false" }
            ]},
            "apply": { "model": "cfm:birch_upgraded_gate_right_closed_alt", "y": 0 }
        },
        {
            "when": { "AND": [
                { "facing": "east" },
                { "hinge": "right" },
                { "opened": "false" },
                { "pole": "false" }
            ]},
            "apply": { "model": "cfm:birch_upgraded_gate_right_closed_alt", "y": 90 }
        },
        {
            "when": { "AND": [
                { "facing": "south" },
                { "hinge": "right" },
                { "opened": "false" },
                { "pole": "false" }
            ]},
            "apply": { "model": "cfm:birch_upgraded_gate_right_closed_alt", "y": 180 }
        },
        {
            "when": { "AND": [
                { "facing": "west" },
                { "hinge": "right" },
                { "opened": "false" },
                { "pole": "false" }
            ]},
            "apply": { "model": "cfm:birch_upgraded_gate_right_closed_alt", "y": 270 }
        },
        {
            "when": { "AND": [
                { "facing": "north" },
                { "hinge": "left" },
                { "opened": "true" }
            ]},
            "apply": { "model": "cfm:birch_upgraded_gate_left_opened", "y": 0 }
        },
        {
            "when": { "AND": [
                { "facing": "east" },
                { "hinge": "left" },
                { "opened": "true" }
            ]},
            "apply": { "model": "cfm:birch_upgraded_gate_left_opened", "y": 90 }
        },
        {
            "when": { "AND": [
                { "facing": "south" },
                { "hinge": "left" },
                { "opened": "true" }
            ]},
            "apply": { "model": "cfm:birch_upgraded_gate_left_opened", "y": 180 }
        },
        {
            "when": { "AND": [
                { "facing": "west" },
                { "hinge": "left" },
                { "opened": "true" }
            ]},
            "apply": { "model": "cfm:birch_upgraded_gate_left_opened", "y": 270 }
        },
        {
            "when": { "AND": [
                { "facing": "north" },
                { "hinge": "right" },
                { "opened": "true" }
            ]},
            "apply": { "model": "cfm:birch_upgraded_gate_right_opened", "y": 0 }
        },
        {
            "when": { "AND": [
                { "facing": "east" },
                { "hinge": "right" },
                { "opened": "true" }
            ]},
            "apply": { "model": "cfm:birch_upgraded_gate_right_opened", "y": 90 }
        },
        {
            "when": { "AND": [
                { "facing": "south" },
                { "hinge": "right" },
                { "opened": "true" }
            ]},
            "apply": { "model": "cfm:birch_upgraded_gate_right_opened", "y": 180 }
        },
        {
            "when": { "AND": [
                { "facing": "west" },
                { "hinge": "right" },
                { "opened": "true" }
            ]},
            "apply": { "model": "cfm:birch_upgraded_gate_right_opened", "y": 270 }
        },
        {
            "when": { "AND": [
                { "facing": "north" },
                { "hinge": "left" },
                { "pole": "true" }
            ]},
            "apply": { "model": "cfm:birch_upgraded_gate_pole", "y": 0 }
        },
        {
            "when": { "AND": [
                { "facing": "east" },
                { "hinge": "left" },
                { "pole": "true" }
            ]},
            "apply": { "model": "cfm:birch_upgraded_gate_pole", "y": 90 }
        },
        {
            "when": { "AND": [
                { "facing": "south" },
                { "hinge": "left" },
                { "pole": "true" }
            ]},
            "apply": { "model": "cfm:birch_upgraded_gate_pole", "y": 180 }
        },
        {
            "when": { "AND": [
                { "facing": "west" },
                { "hinge": "left" },
                { "pole": "true" }
            ]},
            "apply": { "model": "cfm:birch_upgraded_gate_pole", "y": 270 }
        },
        {
            "when": { "AND": [
                { "facing": "north" },
                { "hinge": "right" },
                { "pole": "true" }
            ]},
            "apply": { "model": "cfm:birch_upgraded_gate_pole", "y": 180 }
        },
        {
            "when": { "AND": [
                { "facing": "east" },
                { "hinge": "right" },
                { "pole": "true" }
            ]},
            "apply": { "model": "cfm:birch_upgraded_gate_pole", "y": 270 }
        },
        {
            "when": { "AND": [
                { "facing": "south" },
                { "hinge": "right" },
                { "pole": "true" }
            ]},
            "apply": { "model": "cfm:birch_upgraded_gate_pole", "y": 0 }
        },
        {
            "when": { "AND": [
                { "facing": "west" },
                { "hinge": "right" },
                { "pole": "true" }
            ]},
            "apply": { "model": "cfm:birch_upgraded_gate_pole", "y": 90 }
        }
    ]
}
