{
    "multipart": [
        {
            "when": { "post": "true" },
            "apply": { "model": "cfm:white_fence_post" }
        },
        {   "when": { "north": "true" },
            "apply": { "model": "cfm:white_fence_side", "y": 90 }
        },
        {   "when": { "east": "true" },
            "apply": { "model": "cfm:white_fence_side", "y": 180 }
        },
        {   "when": { "south": "true" },
            "apply": { "model": "cfm:white_fence_side", "y": 270 }
        },
        {   "when": { "west": "true" },
            "apply": { "model": "cfm:white_fence_side", "y": 0 }
        }
    ]
}