{
"textures":{
"particle":"#3"
},
	"display": {
        "gui": {
            "rotation": [ 30, 225, 0 ],
            "translation": [ 0, 0, 0],
            "scale":[ 0.8, 0.8, 0.8 ]
        },
        "ground": {
            "rotation": [ 0, 0, 0 ],
            "translation": [ 0, 3, 0],
            "scale":[ 0.4, 0.4, 0.4 ]
        },
        "fixed": {
            "rotation": [ 0, 0, 0 ],
            "translation": [ 0, 0, 0],
            "scale":[ 0.5, 0.5, 0.5 ]
        },
        "thirdperson_righthand": {
            "rotation": [ 75, 45, 0 ],
            "translation": [ 0, 2.5, 1],
            "scale": [ 0.375, 0.375, 0.375 ]
        },
		"thirdperson_lefthand": {
            "rotation": [ 75, 225, 0 ],
            "translation": [ 0, 2.5, 1],
            "scale": [ 0.375, 0.375, 0.375 ]
        },
        "firstperson_righthand": {
            "rotation": [ 0, 45, 0 ],
            "translation": [ 0, 2, 0 ],
            "scale": [ 0.40, 0.40, 0.40 ]
        },
        "firstperson_lefthand": {
            "rotation": [ 0, 225, 0 ],
            "translation": [ 0, 2, 0 ],
            "scale": [ 0.40, 0.40, 0.40 ]
        }
    },
"elements":[
{"from": [3.5,12.0,3.5],
"to": [12.5,12.5,12.5],
"faces": {
"up": {"uv": [ 3.5, 3.5, 12.5, 12.5 ],"texture":"#1"},
"down": {"uv": [ 3.5, 3.5, 12.5, 12.5 ],"texture":"#1"},
"north": {"uv": [ 3.5, 12.0, 12.5, 12.5 ],"texture":"#1"},
"south": {"uv": [ 3.5, 12.0, 12.5, 12.5 ],"texture":"#1"},
"west": {"uv": [ 3.5, 12.0, 12.5, 12.5 ],"texture":"#1"},
"east": {"uv": [ 3.5, 12.0, 12.5, 12.5 ],"texture":"#1"}
}
}
,
{"from": [3.0,9.0,3.0],
"to": [13.0,12.0,13.0],
"faces": {
"up": {"uv": [ 3.0, 3.0, 13.0, 13.0 ],"texture":"#2"},
"down": {"uv": [ 3.0, 3.0, 13.0, 13.0 ],"texture":"#2"},
"north": {"uv": [ 3.0, 9.0, 13.0, 12.0 ],"texture":"#2"},
"south": {"uv": [ 3.0, 9.0, 13.0, 12.0 ],"texture":"#2"},
"west": {"uv": [ 3.0, 9.0, 13.0, 12.0 ],"texture":"#2"},
"east": {"uv": [ 3.0, 9.0, 13.0, 12.0 ],"texture":"#2"}
}
}
,
{"from": [4.0,0.0,4.0],
"to": [6.0,9.0,6.0],
"faces": {
"up": {"uv": [ 4.0, 4.0, 6.0, 6.0 ],"texture":"#3"},
"down": {"uv": [ 4.0, 4.0, 6.0, 6.0 ],"texture":"#3"},
"north": {"uv": [ 4.0, 0.0, 6.0, 9.0 ],"texture":"#3"},
"south": {"uv": [ 4.0, 0.0, 6.0, 9.0 ],"texture":"#3"},
"west": {"uv": [ 4.0, 0.0, 6.0, 9.0 ],"texture":"#3"},
"east": {"uv": [ 4.0, 0.0, 6.0, 9.0 ],"texture":"#3"}
}
}
,
{"from": [10.0,0.0,4.0],
"to": [12.0,9.0,6.0],
"faces": {
"up": {"uv": [ 10.0, 4.0, 12.0, 6.0 ],"texture":"#3"},
"down": {"uv": [ 10.0, 4.0, 12.0, 6.0 ],"texture":"#3"},
"north": {"uv": [ 10.0, 0.0, 12.0, 9.0 ],"texture":"#3"},
"south": {"uv": [ 10.0, 0.0, 12.0, 9.0 ],"texture":"#3"},
"west": {"uv": [ 4.0, 0.0, 6.0, 9.0 ],"texture":"#3"},
"east": {"uv": [ 4.0, 0.0, 6.0, 9.0 ],"texture":"#3"}
}
}
,
{"from": [4.0,0.0,10.0],
"to": [6.0,9.0,12.0],
"faces": {
"up": {"uv": [ 4.0, 10.0, 6.0, 12.0 ],"texture":"#3"},
"down": {"uv": [ 4.0, 10.0, 6.0, 12.0 ],"texture":"#3"},
"north": {"uv": [ 4.0, 0.0, 6.0, 9.0 ],"texture":"#3"},
"south": {"uv": [ 4.0, 0.0, 6.0, 9.0 ],"texture":"#3"},
"west": {"uv": [ 10.0, 0.0, 12.0, 9.0 ],"texture":"#3"},
"east": {"uv": [ 10.0, 0.0, 12.0, 9.0 ],"texture":"#3"}
}
}
,
{"from": [10.0,0.0,10.0],
"to": [12.0,9.0,12.0],
"faces": {
"up": {"uv": [ 10.0, 10.0, 12.0, 12.0 ],"texture":"#3"},
"down": {"uv": [ 10.0, 10.0, 12.0, 12.0 ],"texture":"#3"},
"north": {"uv": [ 10.0, 0.0, 12.0, 9.0 ],"texture":"#3"},
"south": {"uv": [ 10.0, 0.0, 12.0, 9.0 ],"texture":"#3"},
"west": {"uv": [ 10.0, 0.0, 12.0, 9.0 ],"texture":"#3"},
"east": {"uv": [ 10.0, 0.0, 12.0, 9.0 ],"texture":"#3"}
}
}
,
{"from": [4.5,4.0,6.0],
"to": [5.5,5.0,10.0],
"faces": {
"up": {"uv": [ 4.5, 6.0, 5.5, 10.0 ],"texture":"#4"},
"down": {"uv": [ 4.5, 6.0, 5.5, 10.0 ],"texture":"#4"},
"north": {"uv": [ 4.5, 4.0, 5.5, 5.0 ],"texture":"#4"},
"south": {"uv": [ 4.5, 4.0, 5.5, 5.0 ],"texture":"#4"},
"west": {"uv": [ 6.0, 4.0, 10.0, 5.0 ],"texture":"#4"},
"east": {"uv": [ 6.0, 4.0, 10.0, 5.0 ],"texture":"#4"}
}
}
,
{"from": [10.5,4.0,6.0],
"to": [11.5,5.0,10.0],
"faces": {
"up": {"uv": [ 10.5, 6.0, 11.5, 10.0 ],"texture":"#4"},
"down": {"uv": [ 10.5, 6.0, 11.5, 10.0 ],"texture":"#4"},
"north": {"uv": [ 10.5, 4.0, 11.5, 5.0 ],"texture":"#4"},
"south": {"uv": [ 10.5, 4.0, 11.5, 5.0 ],"texture":"#4"},
"west": {"uv": [ 6.0, 4.0, 10.0, 5.0 ],"texture":"#4"},
"east": {"uv": [ 6.0, 4.0, 10.0, 5.0 ],"texture":"#4"}
}
}
,
{"from": [6.0,4.0,10.5],
"to": [10.0,5.0,11.5],
"faces": {
"up": {"uv": [ 6.0, 10.5, 10.0, 11.5 ],"texture":"#4"},
"down": {"uv": [ 6.0, 10.5, 10.0, 11.5 ],"texture":"#4"},
"north": {"uv": [ 6.0, 4.0, 10.0, 5.0 ],"texture":"#4"},
"south": {"uv": [ 6.0, 4.0, 10.0, 5.0 ],"texture":"#4"},
"west": {"uv": [ 10.5, 4.0, 11.5, 5.0 ],"texture":"#4"},
"east": {"uv": [ 10.5, 4.0, 11.5, 5.0 ],"texture":"#4"}
}
}
,
{"from": [6.0,4.0,4.5],
"to": [10.0,5.0,5.5],
"faces": {
"up": {"uv": [ 6.0, 4.5, 10.0, 5.5 ],"texture":"#4"},
"down": {"uv": [ 6.0, 4.5, 10.0, 5.5 ],"texture":"#4"},
"north": {"uv": [ 6.0, 4.0, 10.0, 5.0 ],"texture":"#4"},
"south": {"uv": [ 6.0, 4.0, 10.0, 5.0 ],"texture":"#4"},
"west": {"uv": [ 4.5, 4.0, 5.5, 5.0 ],"texture":"#4"},
"east": {"uv": [ 4.5, 4.0, 5.5, 5.0 ],"texture":"#4"}
}
}
]
}
