{
    "__comment": "Model generated using MrCrayfish's Model Creator (http://mrcrayfish.com/modelcreator/)",
    "textures": {
        "0": "blocks/water_still",
        "1": "blocks/concrete_white",
        "2": "blocks/hardened_clay_stained_cyan",
        "3": "blocks/stone"
    },
	"display": {
        "gui": {
            "rotation": [ 30, 135, 0 ],
            "translation": [ -2, 0, 0],
            "scale":[ 0.4, 0.4, 0.4 ]
        },
        "ground": {
            "rotation": [ 0, 0, 0 ],
            "translation": [ 0, 3, 0],
            "scale":[ 0.25, 0.25, 0.25 ]
        },
        "fixed": {
            "rotation": [ 0, 0, 0 ],
            "translation": [ 0, 0, 0],
            "scale":[ 0.5, 0.5, 0.5 ]
        },
        "thirdperson_righthand": {
            "rotation": [ 75, 45, 0 ],
            "translation": [ 0, 2.5, 0],
            "scale": [ 0.375, 0.375, 0.375 ]
        },
		"thirdperson_lefthand": {
            "rotation": [ 75, 225, 0 ],
            "translation": [ 0, 2.5, 0],
            "scale": [ 0.375, 0.375, 0.375 ]
        },
        "firstperson_righthand": {
            "rotation": [ 0, 45, 0 ],
            "translation": [ 0, 0, 0 ],
            "scale": [ 0.40, 0.40, 0.40 ]
        },
        "firstperson_lefthand": {
            "rotation": [ 0, 225, 0 ],
            "translation": [ 0, 0, 0 ],
            "scale": [ 0.40, 0.40, 0.40 ]
        }
    },
    "elements": [
        {
            "name": "Element",
            "from": [ -14.0, 2.0, 2.0 ], 
            "to": [ 12.0, 13.2, 14.0 ], 
            "faces": {
                "north": { "texture": "#0", "uv": [ 0.0, 2.0, 14.0, 13.2 ] },                
				"east": { "texture": "#0", "uv": [ 2.0, 2.0, 14.0, 13.2 ] },
                "south": { "texture": "#0", "uv": [ 0.0, 2.0, 14.0, 13.2 ] },
                "west": { "texture": "#0", "uv": [ 2.0, 2.0, 14.0, 13.2 ] },
                "up": { "texture": "#0", "uv": [ 0.0, 2.0, 14.0, 14.0 ] },
                "down": { "texture": "#0", "uv": [ 0.0, 2.0, 14.0, 14.0 ] }

            }
        },
        {
            "name": "Element",
            "from": [ -16.0, 0.0, 0.0 ], 
            "to": [ 16.0, 2.0, 16.0 ], 
            "faces": {
                "north": { "texture": "#1", "uv": [ 0.0, 0.0, 16.0, 2.0 ] },                
				"east": { "texture": "#1", "uv": [ 0.0, 0.0, 16.0, 2.0 ] },
                "south": { "texture": "#1", "uv": [ 0.0, 0.0, 16.0, 2.0 ] },
                "west": { "texture": "#1", "uv": [ 0.0, 0.0, 16.0, 2.0 ] },
                "up": { "texture": "#1", "uv": [ 0.0, 0.0, 16.0, 16.0 ] },
                "down": { "texture": "#1", "uv": [ 0.0, 0.0, 16.0, 16.0 ] }

            }
        },
        {
            "name": "Element",
            "from": [ -16.0, 2.0, 0.0 ], 
            "to": [ 16.0, 14.0, 2.0 ], 
            "faces": {
                "north": { "texture": "#1", "uv": [ 0.0, 2.0, 16.0, 14.0 ] },                
				"east": { "texture": "#1", "uv": [ 0.0, 2.0, 2.0, 14.0 ] },
                "south": { "texture": "#1", "uv": [ 0.0, 2.0, 16.0, 14.0 ] },
                "west": { "texture": "#1", "uv": [ 0.0, 2.0, 2.0, 14.0 ] },
                "up": { "texture": "#1", "uv": [ 0.0, 0.0, 16.0, 2.0 ] },
                "down": { "texture": "#1", "uv": [ 0.0, 0.0, 16.0, 2.0 ] }

            }
        },
        {
            "name": "Element",
            "from": [ -16.0, 2.0, 14.0 ], 
            "to": [ 16.0, 14.0, 16.0 ], 
            "faces": {
                "north": { "texture": "#1", "uv": [ 0.0, 2.0, 16.0, 14.0 ] },                
				"east": { "texture": "#1", "uv": [ 14.0, 2.0, 16.0, 14.0 ] },
                "south": { "texture": "#1", "uv": [ 0.0, 2.0, 16.0, 14.0 ] },
                "west": { "texture": "#1", "uv": [ 14.0, 2.0, 16.0, 14.0 ] },
                "up": { "texture": "#1", "uv": [ 0.0, 14.0, 16.0, 16.0 ] },
                "down": { "texture": "#1", "uv": [ 0.0, 14.0, 16.0, 16.0 ] }

            }
        },
        {
            "name": "Element",
            "from": [ 12.0, 2.0, 2.0 ], 
            "to": [ 16.0, 14.0, 14.0 ], 
            "faces": {
                "north": { "texture": "#1", "uv": [ 12.0, 2.0, 16.0, 14.0 ] },                
				"east": { "texture": "#1", "uv": [ 2.0, 2.0, 14.0, 14.0 ] },
                "south": { "texture": "#1", "uv": [ 12.0, 2.0, 16.0, 14.0 ] },
                "west": { "texture": "#1", "uv": [ 2.0, 2.0, 14.0, 14.0 ] },
                "up": { "texture": "#1", "uv": [ 12.0, 2.0, 16.0, 14.0 ] },
                "down": { "texture": "#1", "uv": [ 12.0, 2.0, 16.0, 14.0 ] }

            }
        },
        {
            "name": "Element",
            "from": [ 13.0, 14.0, 7.0 ], 
            "to": [ 15.0, 18.0, 9.0 ], 
            "faces": {
                "north": { "texture": "#2", "uv": [ 13.0, 12.0, 15.0, 16.0 ] },               
				"east": { "texture": "#2", "uv": [ 7.0, 12.0, 9.0, 16.0 ] },
                "south": { "texture": "#2", "uv": [ 13.0, 12.0, 15.0, 16.0 ] },
                "west": { "texture": "#2", "uv": [ 7.0, 12.0, 9.0, 16.0 ] },
                "up": { "texture": "#2", "uv": [ 13.0, 7.0, 15.0, 9.0 ] },
                "down": { "texture": "#2", "uv": [ 13.0, 7.0, 15.0, 9.0 ] }

            }
        },
        {
            "name": "Element",
            "from": [ 9.0, 18.0, 7.0 ], 
            "to": [ 15.0, 20.0, 9.0 ], 
            "faces": {
                "north": { "texture": "#2", "uv": [ 9.0, 14.0, 15.0, 16.0 ] },               
				"east": { "texture": "#2", "uv": [ 7.0, 14.0, 9.0, 16.0 ] },
                "south": { "texture": "#2", "uv": [ 9.0, 14.0, 15.0, 16.0 ] },
                "west": { "texture": "#2", "uv": [ 7.0, 14.0, 9.0, 16.0 ] },
                "up": { "texture": "#2", "uv": [ 9.0, 7.0, 15.0, 9.0 ] },
                "down": { "texture": "#2", "uv": [ 9.0, 7.0, 15.0, 9.0 ] }

            }
        },
        {
            "name": "Element",
            "from": [ 13.0, 14.0, 2.0 ], 
            "to": [ 15.0, 16.0, 4.0 ], 
            "faces": {
                "north": { "texture": "#2", "uv": [ 13.0, 14.0, 15.0, 16.0 ] },                
				"east": { "texture": "#2", "uv": [ 2.0, 14.0, 4.0, 16.0 ] },
                "south": { "texture": "#2", "uv": [ 13.0, 14.0, 15.0, 16.0 ] },
                "west": { "texture": "#2", "uv": [ 2.0, 14.0, 4.0, 16.0 ] },
                "up": { "texture": "#2", "uv": [ 13.0, 2.0, 15.0, 4.0 ] },
                "down": { "texture": "#2", "uv": [ 13.0, 2.0, 15.0, 4.0 ] }

            }
        },
        {
            "name": "Element",
            "from": [ 13.0, 14.0, 12.0 ], 
            "to": [ 15.0, 16.0, 14.0 ], 
            "faces": {
                "north": { "texture": "#2", "uv": [ 13.0, 14.0, 15.0, 16.0 ] },                
				"east": { "texture": "#2", "uv": [ 12.0, 14.0, 14.0, 16.0 ] },
                "south": { "texture": "#2", "uv": [ 13.0, 14.0, 15.0, 16.0 ] },
                "west": { "texture": "#2", "uv": [ 12.0, 14.0, 14.0, 16.0 ] },
                "up": { "texture": "#2", "uv": [ 13.0, 12.0, 15.0, 14.0 ] },
                "down": { "texture": "#2", "uv": [ 13.0, 12.0, 15.0, 14.0 ] }

            }
        },
        {
            "name": "Element",
            "from": [ 9.0, 17.68, 7.0 ], 
            "to": [ 11.0, 18.0, 9.0 ], 
            "faces": {
                "north": { "texture": "#3", "uv": [ 9.0, 15.68, 11.0, 16.0 ] },                
				"east": { "texture": "#3", "uv": [ 7.0, 15.68, 9.0, 16.0 ] },
                "south": { "texture": "#3", "uv": [ 9.0, 15.68, 11.0, 16.0 ] },
                "west": { "texture": "#3", "uv": [ 7.0, 15.68, 9.0, 16.0 ] },
                "up": { "texture": "#3", "uv": [ 9.0, 7.0, 11.0, 9.0 ] },
                "down": { "texture": "#3", "uv": [ 9.0, 7.0, 11.0, 9.0 ] }

            }
        },
        {
            "name": "Cube",
            "from": [ -16.0, 2.0, 2.0 ], 
            "to": [ -14.0, 14.0, 14.0 ], 
            "faces": {
                "north": { "texture": "#1", "uv": [ 0.0, 2.0, 16.0, 14.0 ] },                
				"east": { "texture": "#1", "uv": [ 0.0, 2.0, 2.0, 14.0 ] },
                "south": { "texture": "#1", "uv": [ 0.0, 2.0, 16.0, 14.0 ] },
                "west": { "texture": "#1", "uv": [ 0.0, 2.0, 2.0, 14.0 ] },
                "up": { "texture": "#1", "uv": [ 0.0, 0.0, 16.0, 2.0 ] },
                "down": { "texture": "#1", "uv": [ 0.0, 0.0, 16.0, 2.0 ] }

            }
        }
    ]
}