{
"textures":{
"particle":"#2"
},
"elements":[
{"from": [2.0,2.0,2.0],
"to": [16.0,12.499999999999998,14.0],
"faces": {
"up": {"uv": [ 2.0, 2.0, 16.0, 14.0 ],"texture":"#1"},
"down": {"uv": [ 2.0, 2.0, 16.0, 14.0 ],"texture":"#1"},
"north": {"uv": [ 2.0, 2.0, 16.0, 12.499999999999998 ],"texture":"#1"},
"south": {"uv": [ 2.0, 2.0, 16.0, 12.499999999999998 ],"texture":"#1"},
"west": {"uv": [ 2.0, 2.0, 14.0, 12.499999999999998 ],"texture":"#1"},
"east": {"uv": [ 2.0, 2.0, 14.0, 12.499999999999998 ],"texture":"#1"}
}
}
,
{"from": [0.0,0.0,0.0],
"to": [16.0,2.0,16.0],
"faces": {
"up": {"uv": [ 0.0, 0.0, 16.0, 16.0 ],"texture":"#2"},
"down": {"uv": [ 0.0, 0.0, 16.0, 16.0 ],"texture":"#2"},
"north": {"uv": [ 0.0, 0.0, 16.0, 2.0 ],"texture":"#2"},
"south": {"uv": [ 0.0, 0.0, 16.0, 2.0 ],"texture":"#2"},
"west": {"uv": [ 0.0, 0.0, 16.0, 2.0 ],"texture":"#2"},
"east": {"uv": [ 0.0, 0.0, 16.0, 2.0 ],"texture":"#2"}
}
}
,
{"from": [0.0,2.0,0.0],
"to": [16.0,14.0,2.0],
"faces": {
"up": {"uv": [ 0.0, 0.0, 16.0, 2.0 ],"texture":"#2"},
"down": {"uv": [ 0.0, 0.0, 16.0, 2.0 ],"texture":"#2"},
"north": {"uv": [ 0.0, 2.0, 16.0, 14.0 ],"texture":"#2"},
"south": {"uv": [ 0.0, 2.0, 16.0, 14.0 ],"texture":"#2"},
"west": {"uv": [ 0.0, 2.0, 2.0, 14.0 ],"texture":"#2"},
"east": {"uv": [ 0.0, 2.0, 2.0, 14.0 ],"texture":"#2"}
}
}
,
{"from": [0.0,2.0,14.0],
"to": [16.0,14.0,16.0],
"faces": {
"up": {"uv": [ 0.0, 14.0, 16.0, 16.0 ],"texture":"#2"},
"down": {"uv": [ 0.0, 14.0, 16.0, 16.0 ],"texture":"#2"},
"north": {"uv": [ 0.0, 2.0, 16.0, 14.0 ],"texture":"#2"},
"south": {"uv": [ 0.0, 2.0, 16.0, 14.0 ],"texture":"#2"},
"west": {"uv": [ 14.0, 2.0, 16.0, 14.0 ],"texture":"#2"},
"east": {"uv": [ 14.0, 2.0, 16.0, 14.0 ],"texture":"#2"}
}
}
,
{"from": [0.0,2.0,2.0],
"to": [2.0,14.0,14.0],
"faces": {
"up": {"uv": [ 0.0, 2.0, 2.0, 14.0 ],"texture":"#2"},
"down": {"uv": [ 0.0, 2.0, 2.0, 14.0 ],"texture":"#2"},
"north": {"uv": [ 0.0, 2.0, 2.0, 14.0 ],"texture":"#2"},
"south": {"uv": [ 0.0, 2.0, 2.0, 14.0 ],"texture":"#2"},
"west": {"uv": [ 2.0, 2.0, 14.0, 14.0 ],"texture":"#2"},
"east": {"uv": [ 2.0, 2.0, 14.0, 14.0 ],"texture":"#2"}
}
}
]
}
