{
	"textures": {
		"particle": "#1",
		"draw": "#1",
		"handle": "#1"
	},
	"display": {
		"gui": {
			"rotation": [30, 135, 0],
			"translation": [0, 0, 0],
			"scale": [0.625, 0.625, 0.625]
		},
		"ground": {
			"rotation": [0, 0, 0],
			"translation": [0, 3, 0],
			"scale": [0.25, 0.25, 0.25]
		},
		"fixed": {
			"rotation": [0, 0, 0],
			"translation": [0, 0, 0],
			"scale": [0.5, 0.5, 0.5]
		},
		"thirdperson_righthand": {
			"rotation": [75, 45, 0],
			"translation": [0, 2.5, 0],
			"scale": [0.375, 0.375, 0.375]
		},
		"firstperson_righthand": {
			"rotation": [0, 45, 0],
			"translation": [0, 0, 0],
			"scale": [0.40, 0.40, 0.40]
		},
		"firstperson_lefthand": {
			"rotation": [0, 225, 0],
			"translation": [0, 0, 0],
			"scale": [0.40, 0.40, 0.40]
		}
	},
	"elements": [{
			"from": [0.0, 2.0, 2.0],
			"to": [1.0, 7.0, 14.0],
			"faces": {
				"up": {
					"uv": [0.0, 2.0, 1.0, 14.0],
					"texture": "#draw"
				},
				"down": {
					"uv": [0.0, 2.0, 1.0, 14.0],
					"texture": "#draw"
				},
				"north": {
					"uv": [0.0, 2.0, 1.0, 7.0],
					"texture": "#draw"
				},
				"south": {
					"uv": [0.0, 2.0, 1.0, 7.0],
					"texture": "#draw"
				},
				"west": {
					"uv": [2.0, 2.0, 14.0, 7.0],
					"texture": "#draw"
				},
				"east": {
					"uv": [2.0, 2.0, 14.0, 7.0],
					"texture": "#draw"
				}
			}
		},
		{
			"from": [0.0, 9.0, 2.0],
			"to": [1.0, 14.0, 14.0],
			"faces": {
				"up": {
					"uv": [0.0, 2.0, 1.0, 14.0],
					"texture": "#draw"
				},
				"down": {
					"uv": [0.0, 2.0, 1.0, 14.0],
					"texture": "#draw"
				},
				"north": {
					"uv": [0.0, 9.0, 1.0, 14.0],
					"texture": "#draw"
				},
				"south": {
					"uv": [0.0, 9.0, 1.0, 14.0],
					"texture": "#draw"
				},
				"west": {
					"uv": [2.0, 9.0, 14.0, 14.0],
					"texture": "#draw"
				},
				"east": {
					"uv": [2.0, 9.0, 14.0, 14.0],
					"texture": "#draw"
				}
			}
		},
		{
			"from": [-0.48, 4.0, 6.0],
			"to": [0.0, 5.0, 10.0],
			"faces": {
				"up": {
					"uv": [0.0, 6.0, 0.48, 10.0],
					"texture": "#handle"
				},
				"down": {
					"uv": [0.0, 6.0, 0.48, 10.0],
					"texture": "#handle"
				},
				"north": {
					"uv": [0.0, 4.0, 0.48, 5.0],
					"texture": "#handle"
				},
				"south": {
					"uv": [0.0, 4.0, 0.48, 5.0],
					"texture": "#handle"
				},
				"west": {
					"uv": [6.0, 4.0, 10.0, 5.0],
					"texture": "#handle"
				},
				"east": {
					"uv": [6.0, 4.0, 10.0, 5.0],
					"texture": "#handle"
				}
			}
		},
		{
			"from": [-0.48, 11.0, 6.0],
			"to": [0.0, 12.0, 10.0],
			"faces": {
				"up": {
					"uv": [0.0, 8.0, 0.48, 12.0],
					"texture": "#handle"
				},
				"down": {
					"uv": [0.0, 8.0, 0.48, 12.0],
					"texture": "#handle"
				},
				"north": {
					"uv": [0.0, 6.0, 0.48, 7.0],
					"texture": "#handle"
				},
				"south": {
					"uv": [0.0, 6.0, 0.48, 7.0],
					"texture": "#handle"
				},
				"west": {
					"uv": [6.0, 6.0, 10.0, 7.0],
					"texture": "#handle"
				},
				"east": {
					"uv": [6.0, 6.0, 10.0, 7.0],
					"texture": "#handle"
				}
			}
		},
		{
			"from": [1.0, 1.6, 1.0],
			"to": [15.0, 14.4, 15.0],
			"faces": {
				"up": {
					"uv": [1.0, 1.0, 15.0, 15.0],
					"texture": "#2"
				},
				"down": {
					"uv": [1.0, 1.0, 15.0, 15.0],
					"texture": "#2"
				},
				"north": {
					"uv": [1.0, 1.6, 15.0, 14.4],
					"texture": "#2"
				},
				"south": {
					"uv": [1.0, 1.6, 15.0, 14.4],
					"texture": "#2"
				},
				"west": {
					"uv": [1.0, 1.6, 15.0, 14.4],
					"texture": "#2"
				},
				"east": {
					"uv": [1.0, 1.6, 15.0, 14.4],
					"texture": "#2"
				}
			}
		},
		{
			"from": [0.0, 0.0, 0.0],
			"to": [16.0, 1.6, 16.0],
			"faces": {
				"up": {
					"uv": [0.0, 0.0, 16.0, 16.0],
					"texture": "#1"
				},
				"down": {
					"uv": [0.0, 0.0, 16.0, 16.0],
					"texture": "#1"
				},
				"north": {
					"uv": [0.0, 0.0, 16.0, 1.6],
					"texture": "#1"
				},
				"south": {
					"uv": [0.0, 0.0, 16.0, 1.6],
					"texture": "#1"
				},
				"west": {
					"uv": [0.0, 0.0, 16.0, 1.6],
					"texture": "#1"
				},
				"east": {
					"uv": [0.0, 0.0, 16.0, 1.6],
					"texture": "#1"
				}
			}
		},
		{
			"from": [0.0, 14.4, 0.0],
			"to": [16.0, 16.0, 16.0],
			"faces": {
				"up": {
					"uv": [0.0, 0.0, 16.0, 16.0],
					"texture": "#1"
				},
				"down": {
					"uv": [0.0, 0.0, 16.0, 16.0],
					"texture": "#1"
				},
				"north": {
					"uv": [0.0, 14.4, 16.0, 16.0],
					"texture": "#1"
				},
				"south": {
					"uv": [0.0, 14.4, 16.0, 16.0],
					"texture": "#1"
				},
				"west": {
					"uv": [0.0, 14.4, 16.0, 16.0],
					"texture": "#1"
				},
				"east": {
					"uv": [0.0, 14.4, 16.0, 16.0],
					"texture": "#1"
				}
			}
		}
	]
}