{
"textures":{
"particle":"#1"
},
"elements":[
{"from": [3.2,0.0,3.2],
"to": [12.8,12.8,12.8],
"faces": {
"up": {"uv": [ 3.2, 3.2, 12.8, 12.8 ],"texture":"#1"},
"down": {"uv": [ 3.2, 3.2, 12.8, 12.8 ],"texture":"#1"},
"north": {"uv": [ 3.2, 0.0, 12.8, 12.8 ],"texture":"#1"},
"south": {"uv": [ 3.2, 0.0, 12.8, 12.8 ],"texture":"#1"},
"west": {"uv": [ 3.2, 0.0, 12.8, 12.8 ],"texture":"#1"},
"east": {"uv": [ 3.2, 0.0, 12.8, 12.8 ],"texture":"#1"}
}
}
,
{"from": [1.6,12.8,1.6],
"to": [14.4,14.4,14.4],
"faces": {
"up": {"uv": [ 1.6, 1.6, 14.4, 14.4 ],"texture":"#1"},
"down": {"uv": [ 1.6, 1.6, 14.4, 14.4 ],"texture":"#1"},
"north": {"uv": [ 1.6, 12.8, 14.4, 14.4 ],"texture":"#1"},
"south": {"uv": [ 1.6, 12.8, 14.4, 14.4 ],"texture":"#1"},
"west": {"uv": [ 1.6, 12.8, 14.4, 14.4 ],"texture":"#1"},
"east": {"uv": [ 1.6, 12.8, 14.4, 14.4 ],"texture":"#1"}
}
}
,
{"from": [1.6,12.16,1.6],
"to": [14.4,12.8,14.4],
"faces": {
"up": {"uv": [ 1.6, 1.6, 14.4, 14.4 ],"texture":"#2"},
"down": {"uv": [ 1.6, 1.6, 14.4, 14.4 ],"texture":"#2"},
"north": {"uv": [ 1.6, 12.16, 14.4, 12.8 ],"texture":"#2"},
"south": {"uv": [ 1.6, 12.16, 14.4, 12.8 ],"texture":"#2"},
"west": {"uv": [ 1.6, 12.16, 14.4, 12.8 ],"texture":"#2"},
"east": {"uv": [ 1.6, 12.16, 14.4, 12.8 ],"texture":"#2"}
}
}
,
{"from": [7.2,14.4,4.0],
"to": [8.8,16.0,5.6],
"faces": {
"up": {"uv": [ 7.2, 4.0, 8.8, 5.6 ],"texture":"#2"},
"down": {"uv": [ 7.2, 4.0, 8.8, 5.6 ],"texture":"#2"},
"north": {"uv": [ 7.2, 14.4, 8.8, 16.0 ],"texture":"#2"},
"south": {"uv": [ 7.2, 14.4, 8.8, 16.0 ],"texture":"#2"},
"west": {"uv": [ 4.0, 14.4, 5.6, 16.0 ],"texture":"#2"},
"east": {"uv": [ 4.0, 14.4, 5.6, 16.0 ],"texture":"#2"}
}
}
,
{"from": [7.2,14.4,10.4],
"to": [8.8,16.0,12.0],
"faces": {
"up": {"uv": [ 7.2, 10.4, 8.8, 12.0 ],"texture":"#2"},
"down": {"uv": [ 7.2, 10.4, 8.8, 12.0 ],"texture":"#2"},
"north": {"uv": [ 7.2, 14.4, 8.8, 16.0 ],"texture":"#2"},
"south": {"uv": [ 7.2, 14.4, 8.8, 16.0 ],"texture":"#2"},
"west": {"uv": [ 10.4, 14.4, 12.0, 16.0 ],"texture":"#2"},
"east": {"uv": [ 10.4, 14.4, 12.0, 16.0 ],"texture":"#2"}
}
}
,
{"from": [7.2,15.2,5.6],
"to": [8.8,16.0,10.4],
"faces": {
"up": {"uv": [ 7.2, 5.6, 8.8, 10.4 ],"texture":"#2"},
"down": {"uv": [ 7.2, 5.6, 8.8, 10.4 ],"texture":"#2"},
"north": {"uv": [ 7.2, 15.2, 8.8, 16.0 ],"texture":"#2"},
"south": {"uv": [ 7.2, 15.2, 8.8, 16.0 ],"texture":"#2"},
"west": {"uv": [ 5.6, 15.2, 10.4, 16.0 ],"texture":"#2"},
"east": {"uv": [ 5.6, 15.2, 10.4, 16.0 ],"texture":"#2"}
}
}
]
}
