{
	"textures": {
		"1": "blocks/water_still",
		"2": "blocks/stone",
		"particle": "blocks/stone"
	},
	"display": {
		"gui": {
			"rotation": [30, 135, 0],
			"translation": [0, -1, 0],
			"scale": [0.625, 0.625, 0.625]
		},
		"ground": {
			"rotation": [0, 0, 0],
			"translation": [0, 3, 0],
			"scale": [0.25, 0.25, 0.25]
		},
		"fixed": {
			"rotation": [0, 0, 0],
			"translation": [0, 0, 0],
			"scale": [0.5, 0.5, 0.5]
		},
		"thirdperson_righthand": {
			"rotation": [75, 45, 0],
			"translation": [0, 2.5, 0],
			"scale": [0.375, 0.375, 0.375]
		},
		"firstperson_righthand": {
			"rotation": [0, 45, 0],
			"translation": [0, 0, 0],
			"scale": [0.40, 0.40, 0.40]
		},
		"firstperson_lefthand": {
			"rotation": [0, 225, 0],
			"translation": [0, 0, 0],
			"scale": [0.40, 0.40, 0.40]
		}
	},
	"elements": [{
			"from": [1.6, 12.8, 1.6],
			"to": [14.4, 13.6, 14.4],
			"faces": {
				"up": {
					"uv": [1.6, 1.6, 14.4, 14.4],
					"texture": "#1"
				},
				"down": {
					"uv": [1.6, 1.6, 14.4, 14.4],
					"texture": "#1"
				},
				"north": {
					"uv": [1.6, 12.8, 14.4, 13.6],
					"texture": "#1"
				},
				"south": {
					"uv": [1.6, 12.8, 14.4, 13.6],
					"texture": "#1"
				},
				"west": {
					"uv": [1.6, 12.8, 14.4, 13.6],
					"texture": "#1"
				},
				"east": {
					"uv": [1.6, 12.8, 14.4, 13.6],
					"texture": "#1"
				}
			}
		},
		{
			"from": [4.0, 0.0, 4.0],
			"to": [12.0, 1.6, 12.0],
			"faces": {
				"up": {
					"uv": [4.0, 4.0, 12.0, 12.0],
					"texture": "#2"
				},
				"down": {
					"uv": [4.0, 4.0, 12.0, 12.0],
					"texture": "#2"
				},
				"north": {
					"uv": [4.0, 0.0, 12.0, 1.6],
					"texture": "#2"
				},
				"south": {
					"uv": [4.0, 0.0, 12.0, 1.6],
					"texture": "#2"
				},
				"west": {
					"uv": [4.0, 0.0, 12.0, 1.6],
					"texture": "#2"
				},
				"east": {
					"uv": [4.0, 0.0, 12.0, 1.6],
					"texture": "#2"
				}
			}
		},
		{
			"from": [5.0, 1.6, 5.0],
			"to": [11.0, 11.2, 11.0],
			"faces": {
				"up": {
					"uv": [5.0, 5.0, 11.0, 11.0],
					"texture": "#2"
				},
				"down": {
					"uv": [5.0, 5.0, 11.0, 11.0],
					"texture": "#2"
				},
				"north": {
					"uv": [5.0, 1.6, 11.0, 11.2],
					"texture": "#2"
				},
				"south": {
					"uv": [5.0, 1.6, 11.0, 11.2],
					"texture": "#2"
				},
				"west": {
					"uv": [5.0, 1.6, 11.0, 11.2],
					"texture": "#2"
				},
				"east": {
					"uv": [5.0, 1.6, 11.0, 11.2],
					"texture": "#2"
				}
			}
		},
		{
			"from": [1, 11.2, 1],
			"to": [15, 12.8, 15],
			"faces": {
				"up": {
					"uv": [0.0, 0.0, 16.0, 16.0],
					"texture": "#2"
				},
				"down": {
					"uv": [0.0, 0.0, 16.0, 16.0],
					"texture": "#2"
				},
				"north": {
					"uv": [0.0, 11.2, 16.0, 12.8],
					"texture": "#2"
				},
				"south": {
					"uv": [0.0, 11.2, 16.0, 12.8],
					"texture": "#2"
				},
				"west": {
					"uv": [0.0, 11.2, 16.0, 12.8],
					"texture": "#2"
				},
				"east": {
					"uv": [0.0, 11.2, 16.0, 12.8],
					"texture": "#2"
				}
			}
		},
		{
			"from": [0.0, 12.8, 0.0],
			"to": [1.6, 14.4, 16.0],
			"faces": {
				"up": {
					"uv": [0.0, 0.0, 1.6, 16.0],
					"texture": "#2"
				},
				"down": {
					"uv": [0.0, 0.0, 1.6, 16.0],
					"texture": "#2"
				},
				"north": {
					"uv": [0.0, 12.8, 1.6, 14.4],
					"texture": "#2"
				},
				"south": {
					"uv": [0.0, 12.8, 1.6, 14.4],
					"texture": "#2"
				},
				"west": {
					"uv": [0.0, 12.8, 16.0, 14.4],
					"texture": "#2"
				},
				"east": {
					"uv": [0.0, 12.8, 16.0, 14.4],
					"texture": "#2"
				}
			}
		},
		{
			"from": [1.6, 12.8, 0.0],
			"to": [14.4, 14.4, 1.6],
			"faces": {
				"up": {
					"uv": [1.6, 0.0, 14.4, 1.6],
					"texture": "#2"
				},
				"down": {
					"uv": [1.6, 0.0, 14.4, 1.6],
					"texture": "#2"
				},
				"north": {
					"uv": [0.0, 12.8, 16.0, 14.4],
					"texture": "#2"
				},
				"south": {
					"uv": [0.0, 12.8, 16.0, 14.4],
					"texture": "#2"
				},
				"west": {
					"uv": [0.0, 12.8, 1.6, 14.4],
					"texture": "#2"
				},
				"east": {
					"uv": [0.0, 12.8, 1.6, 14.4],
					"texture": "#2"
				}
			}
		},
		{
			"from": [1.6, 12.8, 14.4],
			"to": [14.4, 14.4, 16.0],
			"faces": {
				"up": {
					"uv": [1.6, 0.0, 14.4, 1.6],
					"texture": "#2"
				},
				"down": {
					"uv": [1.6, 0.0, 14.4, 1.6],
					"texture": "#2"
				},
				"north": {
					"uv": [0.0, 12.8, 16.0, 14.4],
					"texture": "#2"
				},
				"south": {
					"uv": [0.0, 12.8, 16.0, 14.4],
					"texture": "#2"
				},
				"west": {
					"uv": [0.0, 12.8, 1.6, 14.4],
					"texture": "#2"
				},
				"east": {
					"uv": [0.0, 12.8, 1.6, 14.4],
					"texture": "#2"
				}
			}
		},
		{
			"from": [14.4, 12.8, 0.0],
			"to": [16.0, 14.4, 16.0],
			"faces": {
				"up": {
					"uv": [14.4, 0.0, 16.0, 16.0],
					"texture": "#2"
				},
				"down": {
					"uv": [14.4, 0.0, 16.0, 16.0],
					"texture": "#2"
				},
				"north": {
					"uv": [14.4, 12.8, 16.0, 14.4],
					"texture": "#2"
				},
				"south": {
					"uv": [14.4, 12.8, 16.0, 14.4],
					"texture": "#2"
				},
				"west": {
					"uv": [0.0, 12.8, 16.0, 14.4],
					"texture": "#2"
				},
				"east": {
					"uv": [0.0, 12.8, 16.0, 14.4],
					"texture": "#2"
				}
			}
		}
	]
}