{
"textures":{
"particle":"#3"
},
	"display": {
        "gui": {
            "rotation": [ 30, 135, 0 ],
            "translation": [ 0, 0, 0],
            "scale":[ 0.8, 0.8, 0.8 ]
        },
        "ground": {
            "rotation": [ 0, 0, 0 ],
            "translation": [ 0, 3, 0],
            "scale":[ 0.4, 0.4, 0.4 ]
        },
        "fixed": {
            "rotation": [ 0, 0, 0 ],
            "translation": [ 0, 0, 0],
            "scale":[ 0.5, 0.5, 0.5 ]
        },
        "thirdperson_righthand": {
            "rotation": [ 45, 45, 0 ],
            "translation": [ 0, 2.5, 2],
            "scale": [ 0.375, 0.375, 0.375 ]
        },
		"thirdperson_lefthand": {
            "rotation": [ 45, 225, 0 ],
            "translation": [ 0, 2.5, 2],
            "scale": [ 0.375, 0.375, 0.375 ]
        },
        "firstperson_righthand": {
            "rotation": [ 0, 45, 0 ],
            "translation": [ 0, 2, 0 ],
            "scale": [ 0.40, 0.40, 0.40 ]
        },
        "firstperson_lefthand": {
            "rotation": [ 0, 225, 0 ],
            "translation": [ 0, 2, 0 ],
            "scale": [ 0.40, 0.40, 0.40 ]
        }
    },
"elements":[
{"from": [5.0,0.0,5.0],
"to": [11.0,5.0,11.0],
"faces": {
"up": {"uv": [ 5.0, 5.0, 11.0, 11.0 ],"texture":"#1"},
"down": {"uv": [ 5.0, 5.0, 11.0, 11.0 ],"texture":"#1"},
"north": {"uv": [ 5.0, 0.0, 11.0, 5.0 ],"texture":"#1"},
"south": {"uv": [ 5.0, 0.0, 11.0, 5.0 ],"texture":"#1"},
"west": {"uv": [ 5.0, 0.0, 11.0, 5.0 ],"texture":"#1"},
"east": {"uv": [ 5.0, 0.0, 11.0, 5.0 ],"texture":"#1"}
}
}
,
{"from": [4.5,14.0,4.5],
"to": [11.5,15.0,11.5],
"faces": {
"up": {"uv": [ 4.5, 4.5, 11.5, 11.5 ],"texture":"#1"},
"down": {"uv": [ 4.5, 4.5, 11.5, 11.5 ],"texture":"#1"},
"north": {"uv": [ 4.5, 14.0, 11.5, 15.0 ],"texture":"#1"},
"south": {"uv": [ 4.5, 14.0, 11.5, 15.0 ],"texture":"#1"},
"west": {"uv": [ 4.5, 14.0, 11.5, 15.0 ],"texture":"#1"},
"east": {"uv": [ 4.5, 14.0, 11.5, 15.0 ],"texture":"#1"}
}
}
,
{"from": [7.5,6.0,2.5],
"to": [8.5,7.0,4.5],
"faces": {
"up": {"uv": [ 7.5, 2.5, 8.5, 4.5 ],"texture":"#2"},
"down": {"uv": [ 7.5, 2.5, 8.5, 4.5 ],"texture":"#2"},
"north": {"uv": [ 7.5, 6.0, 8.5, 7.0 ],"texture":"#2"},
"south": {"uv": [ 7.5, 6.0, 8.5, 7.0 ],"texture":"#2"},
"west": {"uv": [ 2.5, 6.0, 4.5, 7.0 ],"texture":"#2"},
"east": {"uv": [ 2.5, 6.0, 4.5, 7.0 ],"texture":"#2"}
}
}
,
{"from": [7.5,12.0,2.5],
"to": [8.5,13.0,4.5],
"faces": {
"up": {"uv": [ 7.5, 2.5, 8.5, 4.5 ],"texture":"#2"},
"down": {"uv": [ 7.5, 2.5, 8.5, 4.5 ],"texture":"#2"},
"north": {"uv": [ 7.5, 12.0, 8.5, 13.0 ],"texture":"#2"},
"south": {"uv": [ 7.5, 12.0, 8.5, 13.0 ],"texture":"#2"},
"west": {"uv": [ 2.5, 12.0, 4.5, 13.0 ],"texture":"#2"},
"east": {"uv": [ 2.5, 12.0, 4.5, 13.0 ],"texture":"#2"}
}
}
,
{"from": [7.5,7.0,2.5],
"to": [8.5,12.0,3.5],
"faces": {
"up": {"uv": [ 7.5, 2.5, 8.5, 3.5 ],"texture":"#2"},
"down": {"uv": [ 7.5, 2.5, 8.5, 3.5 ],"texture":"#2"},
"north": {"uv": [ 7.5, 7.0, 8.5, 12.0 ],"texture":"#2"},
"south": {"uv": [ 7.5, 7.0, 8.5, 12.0 ],"texture":"#2"},
"west": {"uv": [ 2.5, 7.0, 3.5, 12.0 ],"texture":"#2"},
"east": {"uv": [ 2.5, 7.0, 3.5, 12.0 ],"texture":"#2"}
}
}
,
{"from": [4.5,5.0,4.5],
"to": [11.5,14.0,11.5],
"faces": {
"up": {"uv": [ 4.5, 4.5, 11.5, 11.5 ],"texture":"#3"},
"down": {"uv": [ 4.5, 4.5, 11.5, 11.5 ],"texture":"#3"},
"north": {"uv": [ 4.5, 5.0, 11.5, 14.0 ],"texture":"#3"},
"south": {"uv": [ 4.5, 5.0, 11.5, 14.0 ],"texture":"#3"},
"west": {"uv": [ 4.5, 5.0, 11.5, 14.0 ],"texture":"#3"},
"east": {"uv": [ 4.5, 5.0, 11.5, 14.0 ],"texture":"#3"}
}
}
]
}
