{
	"textures": {
		"1": "blocks/log_oak",
		"2": "blocks/planks_oak",
		"3": "blocks/wool_colored_white",
		"particle": "blocks/log_oak"
	},
	"elements": [{
			"from": [14.0, 14.0, 0.0],
			"to": [16.0, 16.0, 16.0],
			"faces": {
				"up": {
					"uv": [14.0, 0.0, 16.0, 16.0],
					"texture": "#1"
				},
				"down": {
					"uv": [14.0, 0.0, 16.0, 16.0],
					"texture": "#1"
				},
				"north": {
					"uv": [14.0, 14.0, 16.0, 16.0],
					"texture": "#1"
				},
				"south": {
					"uv": [14.0, 14.0, 16.0, 16.0],
					"texture": "#1"
				},
				"west": {
					"uv": [0.0, 14.0, 16.0, 16.0],
					"texture": "#1"
				},
				"east": {
					"uv": [0.0, 14.0, 16.0, 16.0],
					"texture": "#1"
				}
			}
		},
		{
			"from": [15.0, 0.0, 0.0],
			"to": [16.0, 1.0, 16.0],
			"faces": {
				"up": {
					"uv": [15.0, 0.0, 16.0, 16.0],
					"texture": "#2"
				},
				"down": {
					"uv": [15.0, 0.0, 16.0, 16.0],
					"texture": "#2"
				},
				"north": {
					"uv": [15.0, 0.0, 16.0, 1.0],
					"texture": "#2"
				},
				"south": {
					"uv": [15.0, 0.0, 16.0, 1.0],
					"texture": "#2"
				},
				"west": {
					"uv": [0.0, 0.0, 16.0, 1.0],
					"texture": "#2"
				},
				"east": {
					"uv": [0.0, 0.0, 16.0, 1.0],
					"texture": "#2"
				}
			}
		},
		{
			"from": [15.0, 2.0, 0.0],
			"to": [16.0, 3.0, 16.0],
			"faces": {
				"up": {
					"uv": [15.0, 0.0, 16.0, 16.0],
					"texture": "#2"
				},
				"down": {
					"uv": [15.0, 0.0, 16.0, 16.0],
					"texture": "#2"
				},
				"north": {
					"uv": [15.0, 2.0, 16.0, 3.0],
					"texture": "#2"
				},
				"south": {
					"uv": [15.0, 2.0, 16.0, 3.0],
					"texture": "#2"
				},
				"west": {
					"uv": [0.0, 2.0, 16.0, 3.0],
					"texture": "#2"
				},
				"east": {
					"uv": [0.0, 2.0, 16.0, 3.0],
					"texture": "#2"
				}
			}
		},
		{
			"from": [15.0, 4.0, 0.0],
			"to": [16.0, 5.0, 16.0],
			"faces": {
				"up": {
					"uv": [15.0, 0.0, 16.0, 16.0],
					"texture": "#2"
				},
				"down": {
					"uv": [15.0, 0.0, 16.0, 16.0],
					"texture": "#2"
				},
				"north": {
					"uv": [15.0, 4.0, 16.0, 5.0],
					"texture": "#2"
				},
				"south": {
					"uv": [15.0, 4.0, 16.0, 5.0],
					"texture": "#2"
				},
				"west": {
					"uv": [0.0, 4.0, 16.0, 5.0],
					"texture": "#2"
				},
				"east": {
					"uv": [0.0, 4.0, 16.0, 5.0],
					"texture": "#2"
				}
			}
		},
		{
			"from": [15.0, 6.0, 0.0],
			"to": [16.0, 7.0, 16.0],
			"faces": {
				"up": {
					"uv": [15.0, 0.0, 16.0, 16.0],
					"texture": "#2"
				},
				"down": {
					"uv": [15.0, 0.0, 16.0, 16.0],
					"texture": "#2"
				},
				"north": {
					"uv": [15.0, 6.0, 16.0, 7.0],
					"texture": "#2"
				},
				"south": {
					"uv": [15.0, 6.0, 16.0, 7.0],
					"texture": "#2"
				},
				"west": {
					"uv": [0.0, 6.0, 16.0, 7.0],
					"texture": "#2"
				},
				"east": {
					"uv": [0.0, 6.0, 16.0, 7.0],
					"texture": "#2"
				}
			}
		},
		{
			"from": [15.0, 8.0, 0.0],
			"to": [16.0, 9.0, 16.0],
			"faces": {
				"up": {
					"uv": [15.0, 0.0, 16.0, 16.0],
					"texture": "#2"
				},
				"down": {
					"uv": [15.0, 0.0, 16.0, 16.0],
					"texture": "#2"
				},
				"north": {
					"uv": [15.0, 8.0, 16.0, 9.0],
					"texture": "#2"
				},
				"south": {
					"uv": [15.0, 8.0, 16.0, 9.0],
					"texture": "#2"
				},
				"west": {
					"uv": [0.0, 8.0, 16.0, 9.0],
					"texture": "#2"
				},
				"east": {
					"uv": [0.0, 8.0, 16.0, 9.0],
					"texture": "#2"
				}
			}
		},
		{
			"from": [15.0, 10.0, 0.0],
			"to": [16.0, 11.0, 16.0],
			"faces": {
				"up": {
					"uv": [15.0, 0.0, 16.0, 16.0],
					"texture": "#2"
				},
				"down": {
					"uv": [15.0, 0.0, 16.0, 16.0],
					"texture": "#2"
				},
				"north": {
					"uv": [15.0, 10.0, 16.0, 11.0],
					"texture": "#2"
				},
				"south": {
					"uv": [15.0, 10.0, 16.0, 11.0],
					"texture": "#2"
				},
				"west": {
					"uv": [0.0, 10.0, 16.0, 11.0],
					"texture": "#2"
				},
				"east": {
					"uv": [0.0, 10.0, 16.0, 11.0],
					"texture": "#2"
				}
			}
		},
		{
			"from": [15.0, 12.0, 0.0],
			"to": [16.0, 13.0, 16.0],
			"faces": {
				"up": {
					"uv": [15.0, 0.0, 16.0, 16.0],
					"texture": "#2"
				},
				"down": {
					"uv": [15.0, 0.0, 16.0, 16.0],
					"texture": "#2"
				},
				"north": {
					"uv": [15.0, 12.0, 16.0, 13.0],
					"texture": "#2"
				},
				"south": {
					"uv": [15.0, 12.0, 16.0, 13.0],
					"texture": "#2"
				},
				"west": {
					"uv": [0.0, 12.0, 16.0, 13.0],
					"texture": "#2"
				},
				"east": {
					"uv": [0.0, 12.0, 16.0, 13.0],
					"texture": "#2"
				}
			}
		}
	]
}