{
	"textures":{
		"particle":"#1"
	},
	"display": {
        "gui": {
            "rotation": [ 30, 135, 0 ],
            "translation": [ 1, 0, 0],
            "scale":[ 0.625, 0.625, 0.625 ]
        },
        "ground": {
            "rotation": [ 0, 0, 0 ],
            "translation": [ 0, 3, 0],
            "scale":[ 0.25, 0.25, 0.25 ]
        },
        "fixed": {
            "rotation": [ 0, 0, 0 ],
            "translation": [ 0, 0, 0],
            "scale":[ 0.5, 0.5, 0.5 ]
        },
        "thirdperson_righthand": {
            "rotation": [ 75, 45, 0 ],
            "translation": [ 0, 2.5, 0],
            "scale": [ 0.375, 0.375, 0.375 ]
        },
        "firstperson_righthand": {
            "rotation": [ 0, 45, 0 ],
            "translation": [ 0, 0, 0 ],
            "scale": [ 0.40, 0.40, 0.40 ]
        },
        "firstperson_lefthand": {
            "rotation": [ 0, 225, 0 ],
            "translation": [ 0, 0, 0 ],
            "scale": [ 0.40, 0.40, 0.40 ]
        }
    },
	"elements":[
		{
			"from": [2.0,1.0,1.0],
			"to": [3.0,15.0,15.0],
			"faces": {
				"up": {"uv": [ 2.0, 1.0, 3.0, 15.0 ],"texture":"#1"},
				"down": {"uv": [ 2.0, 1.0, 3.0, 15.0 ],"texture":"#1"},
				"north": {"uv": [ 2.0, 1.0, 3.0, 15.0 ],"texture":"#1"},
				"south": {"uv": [ 2.0, 1.0, 3.0, 15.0 ],"texture":"#1"},
				"west": {"uv": [ 1.0, 1.0, 15.0, 15.0 ],"texture":"#1"},
				"east": {"uv": [ 1.0, 1.0, 15.0, 15.0 ],"texture":"#1"}
			}
		},
		{
			"from": [0.0,4.5,3.0],
			"to": [1.0,11.5,4.0],
			"faces": {
				"up": {"uv": [ 0.0, 3.0, 1.0, 4.0 ],"texture":"#2"},
				"down": {"uv": [ 0.0, 3.0, 1.0, 4.0 ],"texture":"#2"},
				"north": {"uv": [ 0.0, 4.5, 1.0, 11.5 ],"texture":"#2"},
				"south": {"uv": [ 0.0, 4.5, 1.0, 11.5 ],"texture":"#2"},
				"west": {"uv": [ 3.0, 4.5, 4.0, 11.5 ],"texture":"#2"},
				"east": {"uv": [ 3.0, 4.5, 4.0, 11.5 ],"texture":"#2"}
			}
		},
		{
			"from": [1.0,10.5,3.0],
			"to": [2.0,11.5,4.0],
			"faces": {
				"up": {"uv": [ 1.0, 3.0, 2.0, 4.0 ],"texture":"#2"},
				"down": {"uv": [ 1.0, 3.0, 2.0, 4.0 ],"texture":"#2"},
				"north": {"uv": [ 1.0, 10.5, 2.0, 11.5 ],"texture":"#2"},
				"south": {"uv": [ 1.0, 10.5, 2.0, 11.5 ],"texture":"#2"},
				"west": {"uv": [ 3.0, 10.5, 4.0, 11.5 ],"texture":"#2"},
				"east": {"uv": [ 3.0, 10.5, 4.0, 11.5 ],"texture":"#2"}
			}
		},
		{
			"from": [1.0,4.5,3.0],
			"to": [2.0,5.5,4.0],
			"faces": {
				"up": {"uv": [ 1.0, 3.0, 2.0, 4.0 ],"texture":"#2"},
				"down": {"uv": [ 1.0, 3.0, 2.0, 4.0 ],"texture":"#2"},
				"north": {"uv": [ 1.0, 4.5, 2.0, 5.5 ],"texture":"#2"},
				"south": {"uv": [ 1.0, 4.5, 2.0, 5.5 ],"texture":"#2"},
				"west": {"uv": [ 3.0, 4.5, 4.0, 5.5 ],"texture":"#2"},
				"east": {"uv": [ 3.0, 4.5, 4.0, 5.5 ],"texture":"#2"}
			}
		},
		{
			"from": [3.0,0.0,0.0],
			"to": [16.0,16.0,16.0],
			"faces": {
				"up": {"uv": [ 3.0, 0.0, 16.0, 16.0 ],"texture":"#3"},
				"down": {"uv": [ 3.0, 0.0, 16.0, 16.0 ],"texture":"#3"},
				"north": {"uv": [ 3.0, 0.0, 16.0, 16.0 ],"texture":"#3"},
				"south": {"uv": [ 3.0, 0.0, 16.0, 16.0 ],"texture":"#3"},
				"west": {"uv": [ 0.0, 0.0, 16.0, 16.0 ],"texture":"#3"},
				"east": {"uv": [ 0.0, 0.0, 16.0, 16.0 ],"texture":"#3"}
			}
		}
	]
}
