{
    "__comment": "Model generated using MrCrayfish's Model Creator (http://mrcrayfish.com/modelcreator/)",
    "textures": {
        "0": "blocks/concrete_gray",
        "1": "blocks/concrete_silver",
        "2": "blocks/hardened_clay_stained_cyan",
        "3": "blocks/concrete_white",
		"particle": "blocks/concrete_silver"
    },
	"display": {
        "gui": {
            "rotation": [ 30, 45, 0 ],
            "translation": [ 0, -1, 0],
            "scale":[ 0.7, 0.7, 0.7 ]
        },
        "ground": {
            "rotation": [ 0, 0, 0 ],
            "translation": [ 0, 3, 0],
            "scale":[ 0.25, 0.25, 0.25 ]
        },
        "fixed": {
            "rotation": [ 0, 0, 0 ],
            "translation": [ 0, 0, 0],
            "scale":[ 0.5, 0.5, 0.5 ]
        },
        "thirdperson_righthand": {
            "rotation": [ 75, 45, 0 ],
            "translation": [ 0, 2.5, 0],
            "scale": [ 0.375, 0.375, 0.375 ]
        },
        "firstperson_righthand": {
            "rotation": [ 0, 45, 0 ],
            "translation": [ 0, 2, 0 ],
            "scale": [ 0.40, 0.40, 0.40 ]
        },
        "firstperson_lefthand": {
            "rotation": [ 0, 225, 0 ],
            "translation": [ 0, 2, 0 ],
            "scale": [ 0.40, 0.40, 0.40 ]
        }
    },
    "elements": [
        {
            "name": "Cube",
            "from": [ 4.0, 0.0, 4.0 ], 
            "to": [ 12.0, 1.0, 12.0 ], 
            "faces": {
                "north": { "texture": "#0", "uv": [ 0.0, 0.0, 8.0, 1.0 ] },
                "east": { "texture": "#0", "uv": [ 0.0, 0.0, 8.0, 1.0 ] },
                "south": { "texture": "#0", "uv": [ 0.0, 0.0, 8.0, 1.0 ] },
                "west": { "texture": "#0", "uv": [ 0.0, 0.0, 8.0, 1.0 ] },
                "up": { "texture": "#0", "uv": [ 0.0, 0.0, 8.0, 8.0 ] },
                "down": { "texture": "#0", "uv": [ 0.0, 0.0, 8.0, 8.0 ] }
            }
        },
        {
            "name": "Cube",
            "from": [ 5.0, 1.0, 5.0 ], 
            "to": [ 11.0, 2.0, 11.0 ], 
            "faces": {
                "north": { "texture": "#0", "uv": [ 0.0, 0.0, 6.0, 1.0 ] },
                "east": { "texture": "#0", "uv": [ 0.0, 0.0, 6.0, 1.0 ] },
                "south": { "texture": "#0", "uv": [ 0.0, 0.0, 6.0, 1.0 ] },
                "west": { "texture": "#0", "uv": [ 0.0, 0.0, 6.0, 1.0 ] },
                "up": { "texture": "#0", "uv": [ 0.0, 0.0, 6.0, 6.0 ] },
                "down": { "texture": "#0", "uv": [ 0.0, 0.0, 6.0, 6.0 ] }
            }
        },
        {
            "name": "Cube",
            "from": [ 7.0, 2.0, 7.0 ], 
            "to": [ 9.0, 13.0, 9.0 ], 
            "faces": {
                "north": { "texture": "#1", "uv": [ 0.0, 0.0, 2.0, 11.0 ] },
                "east": { "texture": "#1", "uv": [ 0.0, 0.0, 2.0, 11.0 ] },
                "south": { "texture": "#1", "uv": [ 0.0, 0.0, 2.0, 11.0 ] },
                "west": { "texture": "#1", "uv": [ 0.0, 0.0, 2.0, 11.0 ] },
                "up": { "texture": "#1", "uv": [ 0.0, 0.0, 2.0, 2.0 ] },
                "down": { "texture": "#1", "uv": [ 0.0, 0.0, 2.0, 2.0 ] }
            }
        },
        {
            "name": "Cube",
            "from": [ 7.0, 7.0, 2.0 ], 
            "to": [ 9.0, 9.0, 14.0 ], 
            "faces": {
                "north": { "texture": "#1", "uv": [ 0.0, 0.0, 2.0, 2.0 ] },
                "east": { "texture": "#1", "uv": [ 0.0, 0.0, 12.0, 2.0 ] },
                "south": { "texture": "#1", "uv": [ 0.0, 0.0, 2.0, 2.0 ] },
                "west": { "texture": "#1", "uv": [ 0.0, 0.0, 12.0, 2.0 ] },
                "up": { "texture": "#1", "uv": [ 0.0, 0.0, 2.0, 12.0 ] },
                "down": { "texture": "#1", "uv": [ 0.0, 0.0, 2.0, 12.0 ] }
            }
        },
        {
            "name": "Cube",
            "from": [ 2.0, 7.0, 7.0 ], 
            "to": [ 14.0, 9.0, 9.0 ], 
            "faces": {
                "north": { "texture": "#1", "uv": [ 0.0, 0.0, 12.0, 2.0 ] },
                "east": { "texture": "#1", "uv": [ 0.0, 0.0, 2.0, 2.0 ] },
                "south": { "texture": "#1", "uv": [ 0.0, 0.0, 12.0, 2.0 ] },
                "west": { "texture": "#1", "uv": [ 0.0, 0.0, 2.0, 2.0 ] },
                "up": { "texture": "#1", "uv": [ 0.0, 0.0, 12.0, 2.0 ] },
                "down": { "texture": "#1", "uv": [ 0.0, 0.0, 12.0, 2.0 ] }
            }
        },
        {
            "name": "Cube",
            "from": [ 1.0, 9.0, 6.0 ], 
            "to": [ 5.0, 10.0, 10.0 ], 
            "faces": {
                "north": { "texture": "#2", "uv": [ 0.0, 0.0, 4.0, 1.0 ] },
                "east": { "texture": "#2", "uv": [ 0.0, 0.0, 4.0, 1.0 ] },
                "south": { "texture": "#2", "uv": [ 0.0, 0.0, 4.0, 1.0 ] },
                "west": { "texture": "#2", "uv": [ 0.0, 0.0, 4.0, 1.0 ] },
                "up": { "texture": "#2", "uv": [ 1.0, 1.0, 5.0, 5.0 ] },
                "down": { "texture": "#2", "uv": [ 1.0, 1.0, 5.0, 5.0 ] }
            }
        },
        {
            "name": "Cube",
            "from": [ 6.0, 9.0, 11.0 ], 
            "to": [ 10.0, 10.0, 15.0 ], 
            "faces": {
                "north": { "texture": "#2", "uv": [ 0.0, 0.0, 4.0, 1.0 ] },
                "east": { "texture": "#2", "uv": [ 0.0, 0.0, 4.0, 1.0 ] },
                "south": { "texture": "#2", "uv": [ 0.0, 0.0, 4.0, 1.0 ] },
                "west": { "texture": "#2", "uv": [ 0.0, 0.0, 4.0, 1.0 ] },
                "up": { "texture": "#2", "uv": [ 1.0, 1.0, 5.0, 5.0 ] },
                "down": { "texture": "#2", "uv": [ 1.0, 1.0, 5.0, 5.0 ] }
            }
        },
        {
            "name": "Cube",
            "from": [ 6.0, 9.0, 1.0 ], 
            "to": [ 10.0, 10.0, 5.0 ], 
            "faces": {
                "north": { "texture": "#2", "uv": [ 0.0, 0.0, 4.0, 1.0 ] },
                "east": { "texture": "#2", "uv": [ 0.0, 0.0, 4.0, 1.0 ] },
                "south": { "texture": "#2", "uv": [ 0.0, 0.0, 4.0, 1.0 ] },
                "west": { "texture": "#2", "uv": [ 0.0, 0.0, 4.0, 1.0 ] },
                "up": { "texture": "#2", "uv": [ 1.0, 1.0, 5.0, 5.0 ] },
                "down": { "texture": "#2", "uv": [ 1.0, 1.0, 5.0, 5.0 ] }
            }
        },
        {
            "name": "Cube",
            "from": [ 11.0, 9.0, 6.0 ], 
            "to": [ 15.0, 10.0, 10.0 ], 
            "faces": {
                "north": { "texture": "#2", "uv": [ 0.0, 0.0, 4.0, 1.0 ] },
                "east": { "texture": "#2", "uv": [ 0.0, 0.0, 4.0, 1.0 ] },
                "south": { "texture": "#2", "uv": [ 0.0, 0.0, 4.0, 1.0 ] },
                "west": { "texture": "#2", "uv": [ 0.0, 0.0, 4.0, 1.0 ] },
                "up": { "texture": "#2", "uv": [ 1.0, 1.0, 5.0, 5.0 ] },
                "down": { "texture": "#2", "uv": [ 1.0, 1.0, 5.0, 5.0 ] }
            }
        },
        {
            "name": "Cube",
            "from": [ 6.0, 13.0, 6.0 ], 
            "to": [ 10.0, 14.0, 10.0 ], 
            "faces": {
                "north": { "texture": "#2", "uv": [ 0.0, 0.0, 4.0, 1.0 ] },
                "east": { "texture": "#2", "uv": [ 0.0, 0.0, 4.0, 1.0 ] },
                "south": { "texture": "#2", "uv": [ 0.0, 0.0, 4.0, 1.0 ] },
                "west": { "texture": "#2", "uv": [ 0.0, 0.0, 4.0, 1.0 ] },
                "up": { "texture": "#2", "uv": [ 1.0, 1.0, 5.0, 5.0 ] },
                "down": { "texture": "#2", "uv": [ 1.0, 1.0, 5.0, 5.0 ] }
            }
        },
        {
            "name": "Cube",
            "from": [ 2.2, 10.0, 7.2 ], 
            "to": [ 3.7000000074505808, 17.0, 8.70000000745058 ], 
            "faces": {
                "north": { "texture": "#3", "uv": [ 0.0, 0.0, 1.5000000074505806, 7.0 ] },
                "east": { "texture": "#3", "uv": [ 0.0, 0.0, 1.5000000074505806, 7.0 ] },
                "south": { "texture": "#3", "uv": [ 0.0, 0.0, 1.5000000074505806, 7.0 ] },
                "west": { "texture": "#3", "uv": [ 0.0, 0.0, 1.5000000074505806, 7.0 ] },
                "up": { "texture": "#3", "uv": [ 0.0, 0.0, 1.5000000074505806, 1.5000000074505806 ] },
                "down": { "texture": "#3", "uv": [ 0.0, 0.0, 1.5000000074505806, 1.5000000074505806 ] }
            }
        },
        {
            "name": "Cube",
            "from": [ 12.2, 10.0, 7.2 ], 
            "to": [ 13.70000000745058, 17.0, 8.70000000745058 ], 
            "faces": {
                "north": { "texture": "#3", "uv": [ 0.0, 0.0, 1.5000000074505806, 7.0 ] },
                "east": { "texture": "#3", "uv": [ 0.0, 0.0, 1.5000000074505806, 7.0 ] },
                "south": { "texture": "#3", "uv": [ 0.0, 0.0, 1.5000000074505806, 7.0 ] },
                "west": { "texture": "#3", "uv": [ 0.0, 0.0, 1.5000000074505806, 7.0 ] },
                "up": { "texture": "#3", "uv": [ 0.0, 0.0, 1.5000000074505806, 1.5000000074505806 ] },
                "down": { "texture": "#3", "uv": [ 0.0, 0.0, 1.5000000074505806, 1.5000000074505806 ] }
            }
        },
        {
            "name": "Cube",
            "from": [ 7.199999999999999, 10.0, 12.2 ], 
            "to": [ 8.70000000745058, 17.0, 13.70000000745058 ], 
            "faces": {
                "north": { "texture": "#3", "uv": [ 0.0, 0.0, 1.5000000074505806, 7.0 ] },
                "east": { "texture": "#3", "uv": [ 0.0, 0.0, 1.5000000074505806, 7.0 ] },
                "south": { "texture": "#3", "uv": [ 0.0, 0.0, 1.5000000074505806, 7.0 ] },
                "west": { "texture": "#3", "uv": [ 0.0, 0.0, 1.5000000074505806, 7.0 ] },
                "up": { "texture": "#3", "uv": [ 0.0, 0.0, 1.5000000074505806, 1.5000000074505806 ] },
                "down": { "texture": "#3", "uv": [ 0.0, 0.0, 1.5000000074505806, 1.5000000074505806 ] }
            }
        },
        {
            "name": "Cube",
            "from": [ 7.199999999999999, 10.0, 2.1999999999999993 ], 
            "to": [ 8.70000000745058, 17.0, 3.70000000745058 ], 
            "faces": {
                "north": { "texture": "#3", "uv": [ 0.0, 0.0, 1.5000000074505806, 7.0 ] },
                "east": { "texture": "#3", "uv": [ 0.0, 0.0, 1.5000000074505806, 7.0 ] },
                "south": { "texture": "#3", "uv": [ 0.0, 0.0, 1.5000000074505806, 7.0 ] },
                "west": { "texture": "#3", "uv": [ 0.0, 0.0, 1.5000000074505806, 7.0 ] },
                "up": { "texture": "#3", "uv": [ 0.0, 0.0, 1.5000000074505806, 1.5000000074505806 ] },
                "down": { "texture": "#3", "uv": [ 0.0, 0.0, 1.5000000074505806, 1.5000000074505806 ] }
            }
        },
        {
            "name": "Cube",
            "from": [ 7.199999999999999, 14.0, 7.199999999999999 ], 
            "to": [ 8.70000000745058, 21.0, 8.70000000745058 ], 
            "faces": {
                "north": { "texture": "#3", "uv": [ 0.0, 0.0, 1.5000000074505806, 7.0 ] },
                "east": { "texture": "#3", "uv": [ 0.0, 0.0, 1.5000000074505806, 7.0 ] },
                "south": { "texture": "#3", "uv": [ 0.0, 0.0, 1.5000000074505806, 7.0 ] },
                "west": { "texture": "#3", "uv": [ 0.0, 0.0, 1.5000000074505806, 7.0 ] },
                "up": { "texture": "#3", "uv": [ 0.0, 0.0, 1.5000000074505806, 1.5000000074505806 ] },
                "down": { "texture": "#3", "uv": [ 0.0, 0.0, 1.5000000074505806, 1.5000000074505806 ] }
            }
        }
    ]
}