{
    "__comment": "Model generated using MrCrayfish's Model Creator (https://mrcrayfish.com/tools?id=mc)",
    "textures": {
        "particle": "blocks/concrete_white",
        "0": "blocks/concrete_gray",
        "1": "blocks/concrete_white",
        "2": "blocks/concrete_silver"
    },
    "display": {
        "gui": {
            "rotation": [ 30, 225, 0 ],
            "translation": [ 0, 0, 0 ],
            "scale": [ 0.625, 0.625, 0.625 ]
        },
        "ground": {
            "rotation": [ 0, 0, 0 ],
            "translation": [ 0, 3, 0 ],
            "scale": [ 0.25, 0.25, 0.25 ]
        },
        "fixed": {
            "rotation": [ 0, 0, 0 ],
            "translation": [ 0, 0, 0 ],
            "scale": [ 0.5, 0.5, 0.5 ]
        },
        "thirdperson_righthand": {
            "rotation": [ 75, 45, 0 ],
            "translation": [ 0, 2.5, 0 ],
            "scale": [ 0.375, 0.375, 0.375 ]
        },
        "thirdperson_lefthand": {
            "rotation": [ 75, 255, 0 ],
            "translation": [ 0, 2.5, 0 ],
            "scale": [ 0.375, 0.375, 0.375 ]
        },
        "firstperson_righthand": {
            "rotation": [ 0, 45, 0 ],
            "translation": [ 0, 2.5, 0 ],
            "scale": [ 0.4, 0.4, 0.4 ]
        },
        "firstperson_lefthand": {
            "rotation": [ 0, 225, 0 ],
            "translation": [ 0, 2.5, 0 ],
            "scale": [ 0.4, 0.4, 0.4 ]
        }
    },
    "elements": [
        {
            "name": "base",
            "from": [ 6.00, 14.00, 6.00 ], 
            "to": [ 10.00, 16.00, 10.00 ], 
            "faces": {
                "north": { "texture": "#0", "uv": [ 0.00, 0.00, 4.00, 2.00 ] },
                "east": { "texture": "#0", "uv": [ 0.00, 0.00, 4.00, 2.00 ] },
                "south": { "texture": "#0", "uv": [ 0.00, 0.00, 4.00, 2.00 ] },
                "west": { "texture": "#0", "uv": [ 0.00, 0.00, 4.00, 2.00 ] },
                "up": { "texture": "#0", "uv": [ 0.00, 0.00, 4.00, 4.00 ] },
                "down": { "texture": "#0", "uv": [ 0.00, 0.00, 4.00, 4.00 ] }
            }
        },
        {
            "name": "connection",
            "from": [ 7.20, 9.00, 7.20 ], 
            "to": [ 8.80, 14.00, 8.80 ], 
            "faces": {
                "north": { "texture": "#1", "uv": [ 0.00, 0.00, 1.60, 5.00 ] },
                "east": { "texture": "#1", "uv": [ 0.00, 0.00, 1.60, 5.00 ] },
                "south": { "texture": "#1", "uv": [ 0.00, 0.00, 1.60, 5.00 ] },
                "west": { "texture": "#1", "uv": [ 0.00, 0.00, 1.60, 5.00 ] },
                "up": { "texture": "#1", "uv": [ 0.00, 0.00, -6.40, 1.60 ] },
                "down": { "texture": "#1", "uv": [ 0.00, 0.00, 1.60, 1.60 ] }
            }
        },
        {
            "name": "head_1",
            "from": [ 6.00, 6.00, 7.00 ], 
            "to": [ 10.00, 9.00, 9.00 ], 
            "faces": {
                "north": { "texture": "#2", "uv": [ 0.00, 0.00, 4.00, 3.00 ] },
                "east": { "texture": "#2", "uv": [ 0.00, 0.00, 2.00, 3.00 ] },
                "south": { "texture": "#2", "uv": [ 0.00, 0.00, 4.00, 3.00 ] },
                "west": { "texture": "#2", "uv": [ 0.00, 0.00, 2.00, 3.00 ] },
                "up": { "texture": "#2", "uv": [ 0.00, 0.00, 4.00, 2.00 ] },
                "down": { "texture": "#2", "uv": [ 0.00, 0.00, 4.00, 2.00 ] }
            }
        },
        {
            "name": "head_2",
            "from": [ 7.00, 6.00, 6.00 ], 
            "to": [ 9.00, 9.00, 10.00 ], 
            "faces": {
                "north": { "texture": "#2", "uv": [ 0.00, 0.00, 2.00, 3.00 ] },
                "east": { "texture": "#2", "uv": [ 0.00, 0.00, 4.00, 3.00 ] },
                "south": { "texture": "#2", "uv": [ 0.00, 0.00, 2.00, 3.00 ] },
                "west": { "texture": "#2", "uv": [ 0.00, 0.00, 4.00, 3.00 ] },
                "up": { "texture": "#2", "uv": [ 0.00, 0.00, 2.00, 4.00 ] },
                "down": { "texture": "#2", "uv": [ 0.00, 0.00, 2.00, 4.00 ] }
            }
        },
        {
            "name": "head_3",
            "from": [ 9.00, 6.00, 9.00 ], 
            "to": [ 10.00, 9.00, 10.40 ], 
            "rotation": { "origin": [ 10.0, 7.0, 9.0 ], "axis": "y", "angle": -45.0 },
            "faces": {
                "north": { "texture": "#2", "uv": [ 0.00, 0.00, 1.00, 3.00 ] },
                "east": { "texture": "#2", "uv": [ 0.00, 0.00, 1.40, 3.00 ] },
                "south": { "texture": "#2", "uv": [ 0.00, 0.00, 1.00, 3.00 ] },
                "west": { "texture": "#2", "uv": [ 0.00, 0.00, 1.40, 3.00 ] },
                "up": { "texture": "#2", "uv": [ 0.00, 0.00, 1.00, 1.40 ] },
                "down": { "texture": "#2", "uv": [ 0.00, 0.00, 1.00, 1.40 ] }
            }
        },
        {
            "name": "head_4",
            "from": [ 7.00, 6.00, 6.00 ], 
            "to": [ 8.00, 9.00, 7.40 ], 
            "rotation": { "origin": [ 7.0, 7.0, 6.0 ], "axis": "y", "angle": -45.0 },
            "faces": {
                "north": { "texture": "#2", "uv": [ 0.00, 0.00, 1.00, 3.00 ] },
                "east": { "texture": "#2", "uv": [ 0.00, 0.00, 1.40, 3.00 ] },
                "south": { "texture": "#2", "uv": [ 0.00, 0.00, 1.00, 3.00 ] },
                "west": { "texture": "#2", "uv": [ 0.00, 0.00, 1.40, 3.00 ] },
                "up": { "texture": "#2", "uv": [ 0.00, 0.00, 1.00, 1.40 ] },
                "down": { "texture": "#2", "uv": [ 0.00, 0.00, 1.00, 1.40 ] }
            }
        },
        {
            "name": "head_5",
            "from": [ 8.00, 6.00, 6.00 ], 
            "to": [ 9.00, 9.00, 7.40 ], 
            "rotation": { "origin": [ 9.0, 7.0, 6.0 ], "axis": "y", "angle": 45.0 },
            "faces": {
                "north": { "texture": "#2", "uv": [ 0.00, 0.00, 1.00, 3.00 ] },
                "east": { "texture": "#2", "uv": [ 0.00, 0.00, 1.40, 3.00 ] },
                "south": { "texture": "#2", "uv": [ 0.00, 0.00, 1.00, 3.00 ] },
                "west": { "texture": "#2", "uv": [ 0.00, 0.00, 1.40, 3.00 ] },
                "up": { "texture": "#2", "uv": [ 0.00, 0.00, 1.00, 1.40 ] },
                "down": { "texture": "#2", "uv": [ 0.00, 0.00, 1.00, 1.40 ] }
            }
        },
        {
            "name": "head_6",
            "from": [ 6.00, 6.00, 9.00 ], 
            "to": [ 7.00, 9.00, 10.40 ], 
            "rotation": { "origin": [ 6.0, 7.0, 9.0 ], "axis": "y", "angle": 45.0 },
            "faces": {
                "north": { "texture": "#2", "uv": [ 0.00, 0.00, 1.00, 3.00 ] },
                "east": { "texture": "#2", "uv": [ 0.00, 0.00, 1.40, 3.00 ] },
                "south": { "texture": "#2", "uv": [ 0.00, 0.00, 1.00, 3.00 ] },
                "west": { "texture": "#2", "uv": [ 0.00, 0.00, 1.40, 3.00 ] },
                "up": { "texture": "#2", "uv": [ 0.00, 0.00, 1.00, 1.40 ] },
                "down": { "texture": "#2", "uv": [ 0.00, 0.00, 1.00, 1.40 ] }
            }
        }
    ]
}