{
    "textures": {
        "particle":"#3"
    },
	"display": {
        "gui": {
            "rotation": [ 30, 225, 0 ],
            "translation": [ 0, -4, 0],
            "scale":[ 1.2, 1.2, 1.2 ]
        },
        "ground": {
            "rotation": [ 0, 0, 0 ],
            "translation": [ 0, 3, 0],
            "scale":[ 0.5, 0.5, 0.5 ]
        },
        "fixed": {
            "rotation": [ 0, 0, 0 ],
            "translation": [ 0, 0, 0],
            "scale":[ 0.5, 0.5, 0.5 ]
        },
        "thirdperson_righthand": {
            "rotation": [ 75, 45, 0 ],
            "translation": [ 0, 2, 0],
            "scale": [ 0.625, 0.625, 0.625 ]
        },
        "firstperson_righthand": {
            "rotation": [ 0, 45, 0 ],
            "translation": [ 0, 0, 0 ],
            "scale": [ 0.60, 0.60, 0.60 ]
        },
        "firstperson_lefthand": {
            "rotation": [ 0, 225, 0 ],
            "translation": [ 0, 0, 0 ],
            "scale": [ 0.60, 0.60, 0.60 ]
        }
    },
"elements":[
{"from": [6.4,15.0,6.4],
"to": [9.6,16.0,9.6],
"faces": {
"up": {"uv": [ 6.4, 6.4, 9.6, 9.6 ],"texture":"#1"},
"down": {"uv": [ 6.4, 6.4, 9.6, 9.6 ],"texture":"#1"},
"north": {"uv": [ 6.4, 15.0, 9.6, 16.0 ],"texture":"#1"},
"south": {"uv": [ 6.4, 15.0, 9.6, 16.0 ],"texture":"#1"},
"west": {"uv": [ 6.4, 15.0, 9.6, 16.0 ],"texture":"#1"},
"east": {"uv": [ 6.4, 15.0, 9.6, 16.0 ],"texture":"#1"}
}
}
,
{"from": [7.2,12.0,7.2],
"to": [8.8,15.0,8.8],
"faces": {
"up": {"uv": [ 7.2, 7.2, 8.8, 8.8 ],"texture":"#2"},
"down": {"uv": [ 7.2, 7.2, 8.8, 8.8 ],"texture":"#2"},
"north": {"uv": [ 7.2, 12.0, 8.8, 15.0 ],"texture":"#2"},
"south": {"uv": [ 7.2, 12.0, 8.8, 15.0 ],"texture":"#2"},
"west": {"uv": [ 7.2, 12.0, 8.8, 15.0 ],"texture":"#2"},
"east": {"uv": [ 7.2, 12.0, 8.8, 15.0 ],"texture":"#2"}
}
}
,
{"from": [6.4,12.0,6.4],
"to": [9.6,13.0,9.6],
"faces": {
"up": {"uv": [ 6.4, 6.4, 9.6, 9.6 ],"texture":"#2"},
"down": {"uv": [ 6.4, 6.4, 9.6, 9.6 ],"texture":"#2"},
"north": {"uv": [ 6.4, 12.0, 9.6, 13.0 ],"texture":"#2"},
"south": {"uv": [ 6.4, 12.0, 9.6, 13.0 ],"texture":"#2"},
"west": {"uv": [ 6.4, 12.0, 9.6, 13.0 ],"texture":"#2"},
"east": {"uv": [ 6.4, 12.0, 9.6, 13.0 ],"texture":"#2"}
}
}
,
{"from": [6.4,8.0,6.4],
"to": [9.6,12.0,9.6],
"faces": {
"up": {"uv": [ 6.4, 6.4, 9.6, 9.6 ],"texture":"#3"},
"down": {"uv": [ 6.4, 6.4, 9.6, 9.6 ],"texture":"#3"},
"north": {"uv": [ 6.4, 8.0, 9.6, 12.0 ],"texture":"#3"},
"south": {"uv": [ 6.4, 8.0, 9.6, 12.0 ],"texture":"#3"},
"west": {"uv": [ 6.4, 8.0, 9.6, 12.0 ],"texture":"#3"},
"east": {"uv": [ 6.4, 8.0, 9.6, 12.0 ],"texture":"#3"}
}
}
]
}
