{
"textures":{
"particle":"#4"
},
"elements":[
{"from": [6.4,15.0,6.4],
"to": [9.6,16.0,9.6],
"faces": {
"up": {"uv": [ 6.4, 6.4, 9.6, 9.6 ],"texture":"#1"},
"down": {"uv": [ 6.4, 6.4, 9.6, 9.6 ],"texture":"#1"},
"north": {"uv": [ 6.4, 15.0, 9.6, 16.0 ],"texture":"#1"},
"south": {"uv": [ 6.4, 15.0, 9.6, 16.0 ],"texture":"#1"},
"west": {"uv": [ 6.4, 15.0, 9.6, 16.0 ],"texture":"#1"},
"east": {"uv": [ 6.4, 15.0, 9.6, 16.0 ],"texture":"#1"}
}
}
,
{"from": [7.2,12.0,7.2],
"to": [8.8,15.0,8.8],
"faces": {
"up": {"uv": [ 7.2, 7.2, 8.8, 8.8 ],"texture":"#2"},
"down": {"uv": [ 7.2, 7.2, 8.8, 8.8 ],"texture":"#2"},
"north": {"uv": [ 7.2, 12.0, 8.8, 15.0 ],"texture":"#2"},
"south": {"uv": [ 7.2, 12.0, 8.8, 15.0 ],"texture":"#2"},
"west": {"uv": [ 7.2, 12.0, 8.8, 15.0 ],"texture":"#2"},
"east": {"uv": [ 7.2, 12.0, 8.8, 15.0 ],"texture":"#2"}
}
}
,
{"from": [6.4,12.0,6.4],
"to": [9.6,13.0,9.6],
"faces": {
"up": {"uv": [ 6.4, 6.4, 9.6, 9.6 ],"texture":"#2"},
"down": {"uv": [ 6.4, 6.4, 9.6, 9.6 ],"texture":"#2"},
"north": {"uv": [ 6.4, 12.0, 9.6, 13.0 ],"texture":"#2"},
"south": {"uv": [ 6.4, 12.0, 9.6, 13.0 ],"texture":"#2"},
"west": {"uv": [ 6.4, 12.0, 9.6, 13.0 ],"texture":"#2"},
"east": {"uv": [ 6.4, 12.0, 9.6, 13.0 ],"texture":"#2"}
}
}
,
{"from": [5.6,7.2,5.6],
"to": [10.4,12.8,10.4],
"faces": {
"up": {"uv": [ 5.6, 5.6, 10.4, 10.4 ],"texture":"#3"},
"down": {"uv": [ 5.6, 5.6, 10.4, 10.4 ],"texture":"#3"},
"north": {"uv": [ 5.6, 7.2, 10.4, 12.8 ],"texture":"#3"},
"south": {"uv": [ 5.6, 7.2, 10.4, 12.8 ],"texture":"#3"},
"west": {"uv": [ 5.6, 7.2, 10.4, 12.8 ],"texture":"#3"},
"east": {"uv": [ 5.6, 7.2, 10.4, 12.8 ],"texture":"#3"}
}
}
,
{"from": [6.4,8.0,6.4],
"to": [9.6,12.0,9.6],
"faces": {
"up": {"uv": [ 6.4, 6.4, 9.6, 9.6 ],"texture":"#4"},
"down": {"uv": [ 6.4, 6.4, 9.6, 9.6 ],"texture":"#4"},
"north": {"uv": [ 6.4, 8.0, 9.6, 12.0 ],"texture":"#4"},
"south": {"uv": [ 6.4, 8.0, 9.6, 12.0 ],"texture":"#4"},
"west": {"uv": [ 6.4, 8.0, 9.6, 12.0 ],"texture":"#4"},
"east": {"uv": [ 6.4, 8.0, 9.6, 12.0 ],"texture":"#4"}
}
}
,
{"from": [6.4,8.0,6.4],
"to": [9.6,12.0,9.6],
"faces": {
"up": {"uv": [ 6.4, 6.4, 9.6, 9.6 ],"texture":"#5"},
"down": {"uv": [ 6.4, 6.4, 9.6, 9.6 ],"texture":"#5"},
"north": {"uv": [ 6.4, 8.0, 9.6, 12.0 ],"texture":"#5"},
"south": {"uv": [ 6.4, 8.0, 9.6, 12.0 ],"texture":"#5"},
"west": {"uv": [ 6.4, 8.0, 9.6, 12.0 ],"texture":"#5"},
"east": {"uv": [ 6.4, 8.0, 9.6, 12.0 ],"texture":"#5"}
}
}
]
}
