{
    "__comment": "Model generated using MrCrayfish's Model Creator (http://mrcrayfish.com/modelcreator/)",
    "textures": {
        "0": "blocks/brick",
        "1": "blocks/cobblestone",
		"particle": "blocks/brick"
    },
	"display": {
        "gui": {
            "rotation": [ 30, 45, 0 ],
            "translation": [ 0, 0, 0],
            "scale":[ 0.625, 0.625, 0.625 ]
        },
        "ground": {
            "rotation": [ 0, 0, 0 ],
            "translation": [ 0, 3, 0],
            "scale":[ 0.25, 0.25, 0.25 ]
        },
        "fixed": {
            "rotation": [ 0, 0, 0 ],
            "translation": [ 0, 0, 0],
            "scale":[ 0.5, 0.5, 0.5 ]
        },
        "thirdperson_righthand": {
            "rotation": [ 75, 45, 0 ],
            "translation": [ 0, 2.5, 0],
            "scale": [ 0.375, 0.375, 0.375 ]
        },
        "firstperson_righthand": {
            "rotation": [ 0, 45, 0 ],
            "translation": [ 0, 0, 0 ],
            "scale": [ 0.40, 0.40, 0.40 ]
        },
        "firstperson_lefthand": {
            "rotation": [ 0, 225, 0 ],
            "translation": [ 0, 0, 0 ],
            "scale": [ 0.40, 0.40, 0.40 ]
        }
    },
    "elements": [
        {
            "name": "Cube",
            "from": [ 3.0, 0.0, 4.0 ], 
            "to": [ 5.0, 12.0, 12.0 ], 
            "faces": {
                "north": { "texture": "#0", "uv": [ 0.0, 0.0, 2.0, 12.0 ] },
                "east": { "texture": "#0", "uv": [ 0.0, 0.0, 8.0, 12.0 ] },
                "south": { "texture": "#0", "uv": [ 0.0, 0.0, 2.0, 12.0 ] },
                "west": { "texture": "#0", "uv": [ 0.0, 0.0, 8.0, 12.0 ] },
                "up": { "texture": "#0", "uv": [ 0.0, 0.0, 2.0, 8.0 ] },
                "down": { "texture": "#0", "uv": [ 0.0, 0.0, 2.0, 8.0 ] }
            }
        },
        {
            "name": "Cube",
            "from": [ 11.0, 0.0, 4.0 ], 
            "to": [ 13.0, 12.0, 12.0 ], 
            "faces": {
                "north": { "texture": "#0", "uv": [ 0.0, 0.0, 2.0, 12.0 ] },
                "east": { "texture": "#0", "uv": [ 0.0, 0.0, 8.0, 12.0 ] },
                "south": { "texture": "#0", "uv": [ 0.0, 0.0, 2.0, 12.0 ] },
                "west": { "texture": "#0", "uv": [ 0.0, 0.0, 8.0, 12.0 ] },
                "up": { "texture": "#0", "uv": [ 0.0, 0.0, 2.0, 8.0 ] },
                "down": { "texture": "#0", "uv": [ 0.0, 0.0, 2.0, 8.0 ] }
            }
        },
        {
            "name": "Cube",
            "from": [ 4.0, 0.0, 11.0 ], 
            "to": [ 12.0, 12.0, 13.0 ], 
            "faces": {
                "north": { "texture": "#0", "uv": [ 0.0, 0.0, 8.0, 12.0 ] },
                "east": { "texture": "#0", "uv": [ 0.0, 0.0, 2.0, 12.0 ] },
                "south": { "texture": "#0", "uv": [ 0.0, 0.0, 8.0, 12.0 ] },
                "west": { "texture": "#0", "uv": [ 0.0, 0.0, 2.0, 12.0 ] },
                "up": { "texture": "#0", "uv": [ 0.0, 0.0, 8.0, 2.0 ] },
                "down": { "texture": "#0", "uv": [ 0.0, 0.0, 8.0, 2.0 ] }
            }
        },
        {
            "name": "Cube",
            "from": [ 4.0, 0.0, 3.0 ], 
            "to": [ 12.0, 12.0, 5.0 ], 
            "faces": {
                "north": { "texture": "#0", "uv": [ 0.0, 0.0, 8.0, 12.0 ] },
                "east": { "texture": "#0", "uv": [ 0.0, 0.0, 2.0, 12.0 ] },
                "south": { "texture": "#0", "uv": [ 0.0, 0.0, 8.0, 12.0 ] },
                "west": { "texture": "#0", "uv": [ 0.0, 0.0, 2.0, 12.0 ] },
                "up": { "texture": "#0", "uv": [ 0.0, 0.0, 6.0, 12.0 ] },
                "down": { "texture": "#0", "uv": [ 0.0, 0.0, 8.0, 2.0 ] }
            }
        },
        {
            "name": "Cube",
            "from": [ 12.0, 12.0, 2.0 ], 
            "to": [ 14.0, 14.0, 14.0 ], 
            "faces": {
                "north": { "texture": "#1", "uv": [ 0.0, 0.0, 2.0, 2.0 ] },
                "east": { "texture": "#1", "uv": [ 0.0, 0.0, 12.0, 2.0 ] },
                "south": { "texture": "#1", "uv": [ 0.0, 0.0, 2.0, 2.0 ] },
                "west": { "texture": "#1", "uv": [ 0.0, 0.0, 12.0, 2.0 ] },
                "up": { "texture": "#1", "uv": [ 0.0, 0.0, 2.0, 12.0 ] },
                "down": { "texture": "#1", "uv": [ 0.0, 0.0, 2.0, 12.0 ] }
            }
        },
        {
            "name": "Cube",
            "from": [ 2.0, 12.0, 2.0 ], 
            "to": [ 4.0, 14.0, 14.0 ], 
            "faces": {
                "north": { "texture": "#1", "uv": [ 0.0, 0.0, 2.0, 2.0 ] },
                "east": { "texture": "#1", "uv": [ 0.0, 0.0, 12.0, 2.0 ] },
                "south": { "texture": "#1", "uv": [ 0.0, 0.0, 2.0, 2.0 ] },
                "west": { "texture": "#1", "uv": [ 0.0, 0.0, 12.0, 2.0 ] },
                "up": { "texture": "#1", "uv": [ 0.0, 0.0, 2.0, 12.0 ] },
                "down": { "texture": "#1", "uv": [ 0.0, 0.0, 2.0, 12.0 ] }
            }
        },
        {
            "name": "Cube",
            "from": [ 4.0, 12.0, 2.0 ], 
            "to": [ 12.0, 14.0, 4.0 ], 
            "faces": {
                "north": { "texture": "#1", "uv": [ 0.0, 0.0, 8.0, 2.0 ] },
                "east": { "texture": "#1", "uv": [ 0.0, 0.0, 2.0, 2.0 ] },
                "south": { "texture": "#1", "uv": [ 0.0, 0.0, 8.0, 2.0 ] },
                "west": { "texture": "#1", "uv": [ 0.0, 0.0, 2.0, 2.0 ] },
                "up": { "texture": "#1", "uv": [ 0.0, 0.0, 8.0, 2.0 ] },
                "down": { "texture": "#1", "uv": [ 0.0, 0.0, 8.0, 2.0 ] }
            }
        },
        {
            "name": "Cube",
            "from": [ 4.0, 12.0, 12.0 ], 
            "to": [ 12.0, 14.0, 14.0 ], 
            "faces": {
                "north": { "texture": "#1", "uv": [ 0.0, 0.0, 8.0, 2.0 ] },
                "east": { "texture": "#1", "uv": [ 0.0, 0.0, 2.0, 2.0 ] },
                "south": { "texture": "#1", "uv": [ 0.0, 0.0, 8.0, 2.0 ] },
                "west": { "texture": "#1", "uv": [ 0.0, 0.0, 2.0, 2.0 ] },
                "up": { "texture": "#1", "uv": [ 0.0, 0.0, 8.0, 2.0 ] },
                "down": { "texture": "#1", "uv": [ 0.0, 0.0, 8.0, 2.0 ] }
            }
        }
    ]
}