{
"textures":{
"particle":"#1"
},
"elements":[
{"from": [0.0,6.4,0.0],
"to": [16.0,8.0,16.0],
"faces": {
"up": {"uv": [ 0.0, 0.0, 16.0, 16.0 ],"texture":"#1"},
"down": {"uv": [ 0.0, 0.0, 16.0, 16.0 ],"texture":"#1"},
"north": {"uv": [ 0.0, 6.4, 16.0, 8.0 ],"texture":"#1"},
"south": {"uv": [ 0.0, 6.4, 16.0, 8.0 ],"texture":"#1"},
"west": {"uv": [ 0.0, 6.4, 16.0, 8.0 ],"texture":"#1"},
"east": {"uv": [ 0.0, 6.4, 16.0, 8.0 ],"texture":"#1"}
}
}
,
{"from": [14.4,0.0,14.4],
"to": [16.0,6.4,16.0],
"faces": {
"up": {"uv": [ 14.4, 14.4, 16.0, 1.6 ],"texture":"#2"},
"down": {"uv": [ 14.4, 14.4, 16.0, 1.6 ],"texture":"#2"},
"north": {"uv": [ 14.4, 0.0, 16.0, 6.4 ],"texture":"#2"},
"south": {"uv": [ 14.4, 0.0, 16.0, 6.4 ],"texture":"#2"},
"west": {"uv": [ 14.4, 0.0, 1.6, 6.4 ],"texture":"#2"},
"east": {"uv": [ 14.4, 0.0, 1.6, 6.4 ],"texture":"#2"}
}
}
]
}
