{
"textures":{
"particle":"#1"
},
	"display": {
        "gui": {
            "rotation": [ 30, 135, 0 ],
            "translation": [ 0, 2, 0],
            "scale":[ 0.625, 0.625, 0.625 ]
        },
        "ground": {
            "rotation": [ 0, 0, 0 ],
            "translation": [ 0, 3, 0],
            "scale":[ 0.25, 0.25, 0.25 ]
        },
        "fixed": {
            "rotation": [ 0, 0, 0 ],
            "translation": [ 0, 0, 0],
            "scale":[ 0.5, 0.5, 0.5 ]
        },
        "thirdperson_righthand": {
            "rotation": [ 75, 45, 0 ],
            "translation": [ 0, 2.5, 0],
            "scale": [ 0.375, 0.375, 0.375 ]
        },
        "firstperson_righthand": {
            "rotation": [ 0, 45, 0 ],
            "translation": [ 0, 2, 0 ],
            "scale": [ 0.40, 0.40, 0.40 ]
        },
        "firstperson_lefthand": {
            "rotation": [ 0, 225, 0 ],
            "translation": [ 0, 2, 0 ],
            "scale": [ 0.40, 0.40, 0.40 ]
        }
    },
"elements":[
{"from": [0.0,6.4,0.0],
"to": [16.0,8.0,16.0],
"faces": {
"up": {"uv": [ 0.0, 0.0, 16.0, 16.0 ],"texture":"#1"},
"down": {"uv": [ 0.0, 0.0, 16.0, 16.0 ],"texture":"#1"},
"north": {"uv": [ 0.0, 6.4, 16.0, 8.0 ],"texture":"#1"},
"south": {"uv": [ 0.0, 6.4, 16.0, 8.0 ],"texture":"#1"},
"west": {"uv": [ 0.0, 6.4, 16.0, 8.0 ],"texture":"#1"},
"east": {"uv": [ 0.0, 6.4, 16.0, 8.0 ],"texture":"#1"}
}
}
,
{"from": [0.0,0.0,0.0],
"to": [1.6,6.4,1.6],
"faces": {
"up": {"uv": [ 0.0, 0.0, 1.6, 1.6 ],"texture":"#2"},
"down": {"uv": [ 0.0, 0.0, 1.6, 1.6 ],"texture":"#2"},
"north": {"uv": [ 0.0, 0.0, 1.6, 6.4 ],"texture":"#2"},
"south": {"uv": [ 0.0, 0.0, 1.6, 6.4 ],"texture":"#2"},
"west": {"uv": [ 0.0, 0.0, 1.6, 6.4 ],"texture":"#2"},
"east": {"uv": [ 0.0, 0.0, 1.6, 6.4 ],"texture":"#2"}
}
}
,
{"from": [14.4,0.0,0.0],
"to": [16.0,6.4,1.6],
"faces": {
"up": {"uv": [ 14.4, 0.0, 16.0, 1.6 ],"texture":"#2"},
"down": {"uv": [ 14.4, 0.0, 16.0, 1.6 ],"texture":"#2"},
"north": {"uv": [ 14.4, 0.0, 16.0, 6.4 ],"texture":"#2"},
"south": {"uv": [ 14.4, 0.0, 16.0, 6.4 ],"texture":"#2"},
"west": {"uv": [ 0.0, 0.0, 1.6, 6.4 ],"texture":"#2"},
"east": {"uv": [ 0.0, 0.0, 1.6, 6.4 ],"texture":"#2"}
}
}
,
{"from": [14.4,0.0,14.4],
"to": [16.0,6.4,16.0],
"faces": {
"up": {"uv": [ 14.4, 14.4, 16.0, 16.0 ],"texture":"#2"},
"down": {"uv": [ 14.4, 14.4, 16.0, 16.0 ],"texture":"#2"},
"north": {"uv": [ 14.4, 0.0, 16.0, 6.4 ],"texture":"#2"},
"south": {"uv": [ 14.4, 0.0, 16.0, 6.4 ],"texture":"#2"},
"west": {"uv": [ 14.4, 0.0, 16.0, 6.4 ],"texture":"#2"},
"east": {"uv": [ 14.4, 0.0, 16.0, 6.4 ],"texture":"#2"}
}
}
,
{"from": [0.0,0.0,14.4],
"to": [1.6,6.4,16.0],
"faces": {
"up": {"uv": [ 0.0, 14.4, 1.6, 16.0 ],"texture":"#2"},
"down": {"uv": [ 0.0, 14.4, 1.6, 16.0 ],"texture":"#2"},
"north": {"uv": [ 0.0, 0.0, 1.6, 6.4 ],"texture":"#2"},
"south": {"uv": [ 0.0, 0.0, 1.6, 6.4 ],"texture":"#2"},
"west": {"uv": [ 14.4, 0.0, 16.0, 6.4 ],"texture":"#2"},
"east": {"uv": [ 14.4, 0.0, 16.0, 6.4 ],"texture":"#2"}
}
}
]
}
