{
    "__comment": "Model generated using MrCrayfish's Model Creator (https://mrcrayfish.com/tools?id=mc)",
    "textures": {
        "particle": "blocks/anvil_base",
        "0": "blocks/concrete_silver",
        "1": "blocks/anvil_base",
        "2": "blocks/concrete_black",
        "3": "blocks/concrete_red",
        "4": "blocks/concrete_gray"
    },
    "display": {
        "gui": {
            "rotation": [ 30, 135, 0 ],
            "translation": [ 0, 0, 0 ],
            "scale": [ 0.625, 0.625, 0.625 ]
        },
        "ground": {
            "rotation": [ 0, 0, 0 ],
            "translation": [ 0, 3, 0 ],
            "scale": [ 0.25, 0.25, 0.25 ]
        },
        "fixed": {
            "rotation": [ 0, 0, 0 ],
            "translation": [ 0, 0, 0 ],
            "scale": [ 0.5, 0.5, 0.5 ]
        },
        "thirdperson_righthand": {
            "rotation": [ 75, 45, 0 ],
            "translation": [ 0, 2.5, 0 ],
            "scale": [ 0.375, 0.375, 0.375 ]
        },
        "thirdperson_lefthand": {
            "rotation": [ 75, 255, 0 ],
            "translation": [ 0, 2.5, 0 ],
            "scale": [ 0.375, 0.375, 0.375 ]
        },
        "firstperson_righthand": {
            "rotation": [ 0, 45, 0 ],
            "translation": [ 0, 2.5, 0 ],
            "scale": [ 0.4, 0.4, 0.4 ]
        },
        "firstperson_lefthand": {
            "rotation": [ 0, 225, 0 ],
            "translation": [ 0, 2.5, 0 ],
            "scale": [ 0.4, 0.4, 0.4 ]
        }
    },
    "elements": [
        {
            "name": "Element",
            "from": [ 5.50, 0.00, 2.00 ], 
            "to": [ 14.50, 4.80, 14.00 ], 
            "faces": {
                "north": { "texture": "#0", "uv": [ 4.80, 0.00, 13.80, 4.80 ] },
                "east": { "texture": "#0", "uv": [ 2.00, 0.00, 14.00, 4.80 ] },
                "south": { "texture": "#0", "uv": [ 4.80, 0.00, 13.80, 4.80 ] },
                "up": { "texture": "#0", "uv": [ 4.80, 2.00, 13.80, 14.00 ] },
                "down": { "texture": "#0", "uv": [ 4.80, 2.00, 13.80, 14.00 ], "cullface": "down" }
            }
        },
        {
            "name": "Element",
            "from": [ 1.00, 0.00, 1.00 ], 
            "to": [ 3.80, 1.00, 12.00 ], 
            "faces": {
                "north": { "texture": "#1", "uv": [ 1.00, 0.00, 3.80, 1.00 ] },
                "east": { "texture": "#1", "uv": [ 1.00, 0.00, 12.00, 1.00 ] },
                "south": { "texture": "#1", "uv": [ 1.00, 0.00, 3.80, 1.00 ] },
                "west": { "texture": "#1", "uv": [ 1.00, 0.00, 12.00, 1.00 ] },
                "up": { "texture": "#1", "uv": [ 1.00, 1.00, 3.80, 12.00 ] },
                "down": { "texture": "#1", "uv": [ 1.00, 1.00, 3.80, 12.00 ] }
            }
        },
        {
            "name": "Element",
            "from": [ 4.00, 6.40, 2.00 ], 
            "to": [ 8.00, 7.40, 14.00 ], 
            "faces": {
                "north": { "texture": "#1", "uv": [ 4.00, 6.40, 8.00, 7.40 ] },
                "east": { "texture": "#1", "uv": [ 2.00, 6.40, 14.00, 7.40 ] },
                "south": { "texture": "#1", "uv": [ 4.00, 6.40, 8.00, 7.40 ] },
                "west": { "texture": "#1", "uv": [ 2.00, 6.40, 14.00, 7.40 ] },
                "up": { "texture": "#1", "uv": [ 4.00, 2.00, 8.00, 14.00 ] },
                "down": { "texture": "#1", "uv": [ 4.00, 2.00, 8.00, 14.00 ] }
            }
        },
        {
            "name": "Element",
            "from": [ 4.00, 15.00, 2.00 ], 
            "to": [ 8.00, 16.00, 14.00 ], 
            "faces": {
                "north": { "texture": "#1", "uv": [ 4.00, 15.00, 8.00, 16.00 ] },
                "east": { "texture": "#1", "uv": [ 2.00, 15.00, 14.00, 16.00 ] },
                "south": { "texture": "#1", "uv": [ 4.00, 15.00, 8.00, 16.00 ] },
                "west": { "texture": "#1", "uv": [ 2.00, 15.00, 14.00, 16.00 ] },
                "up": { "texture": "#1", "uv": [ 4.00, 2.00, 8.00, 14.00 ] },
                "down": { "texture": "#1", "uv": [ 4.00, 2.00, 8.00, 14.00 ] }
            }
        },
        {
            "name": "Element",
            "from": [ 4.00, 7.4008, 2.00 ], 
            "to": [ 8.00, 15.00, 3.00 ], 
            "faces": {
                "north": { "texture": "#1", "uv": [ 4.00, 7.4008, 8.00, 15.00 ] },
                "east": { "texture": "#1", "uv": [ 2.00, 7.4008, 3.00, 15.00 ] },
                "south": { "texture": "#1", "uv": [ 4.00, 7.4008, 8.00, 15.00 ] },
                "west": { "texture": "#1", "uv": [ 2.00, 7.4008, 3.00, 15.00 ] }
            }
        },
        {
            "name": "Element",
            "from": [ 4.00, 7.40, 13.00 ], 
            "to": [ 8.00, 15.00, 14.00 ], 
            "faces": {
                "north": { "texture": "#1", "uv": [ 4.00, 7.40, 8.00, 15.00 ] },
                "east": { "texture": "#1", "uv": [ 13.00, 7.40, 14.00, 15.00 ] },
                "south": { "texture": "#1", "uv": [ 4.00, 7.40, 8.00, 15.00 ] },
                "west": { "texture": "#1", "uv": [ 13.00, 7.40, 14.00, 15.00 ] }
            }
        },
        {
            "name": "Element",
            "from": [ 6.40, 7.40, 3.00 ], 
            "to": [ 14.00, 15.00, 13.00 ], 
            "faces": {
                "north": { "texture": "#0", "uv": [ 6.40, 7.40, 14.00, 15.00 ] },
                "east": { "texture": "#0", "uv": [ 3.00, 7.40, 13.00, 15.00 ] },
                "south": { "texture": "#0", "uv": [ 6.40, 7.40, 14.00, 15.00 ] },
                "up": { "texture": "#0", "uv": [ 6.40, 3.00, 14.00, 13.00 ] },
                "down": { "texture": "#0", "uv": [ 6.40, 3.00, 14.00, 13.00 ] }
            }
        },
        {
            "name": "Element",
            "from": [ 4.80, 7.40, 3.00 ], 
            "to": [ 6.40, 15.00, 13.00 ], 
            "faces": {
                "north": { "texture": "#2", "uv": [ 4.80, 7.40, 6.40, 15.00 ] },
                "south": { "texture": "#2", "uv": [ 4.80, 7.40, 6.40, 15.00 ] },
                "west": { "texture": "#2", "uv": [ 3.00, 7.40, 13.00, 15.00 ] },
                "up": { "texture": "#2", "uv": [ 4.80, 3.00, 6.40, 13.00 ] },
                "down": { "texture": "#2", "uv": [ 4.80, 3.00, 6.40, 13.00 ] }
            }
        },
        {
            "name": "Element",
            "from": [ 7.40, 4.80, 6.40 ], 
            "to": [ 10.60, 7.40, 9.60 ], 
            "faces": {
                "north": { "texture": "#0", "uv": [ 6.40, 4.80, 9.60, 7.40 ] },
                "east": { "texture": "#0", "uv": [ 6.40, 4.80, 9.60, 7.40 ] },
                "south": { "texture": "#0", "uv": [ 6.40, 4.80, 9.60, 7.40 ] },
                "west": { "texture": "#0", "uv": [ 6.40, 4.80, 9.60, 7.40 ] },
                "up": { "texture": "#0", "uv": [ 6.40, 6.40, 9.60, 9.60 ] },
                "down": { "texture": "#0", "uv": [ 6.40, 6.40, 9.60, 9.60 ] }
            }
        },
        {
            "name": "Element",
            "from": [ 6.60, 4.80, 5.10 ], 
            "to": [ 11.40, 5.60, 10.90 ], 
            "faces": {
                "north": { "texture": "#1", "uv": [ 5.60, 4.80, 10.40, 5.60 ] },
                "east": { "texture": "#1", "uv": [ 5.60, 4.80, 11.40, 5.60 ] },
                "south": { "texture": "#1", "uv": [ 5.60, 4.80, 10.40, 5.60 ] },
                "west": { "texture": "#1", "uv": [ 5.60, 4.80, 11.40, 5.60 ] },
                "up": { "texture": "#1", "uv": [ 5.60, 5.60, 10.40, 11.40 ] },
                "down": { "texture": "#1", "uv": [ 5.60, 5.60, 10.40, 11.40 ] }
            }
        },
        {
            "name": "Cube",
            "from": [ 4.00, 3.00, 3.00 ], 
            "to": [ 5.00, 4.00, 4.00 ], 
            "faces": {
                "north": { "texture": "#3", "uv": [ 0.00, 0.00, 1.00, 1.00 ] },
                "south": { "texture": "#3", "uv": [ 0.00, 0.00, 1.00, 1.00 ] },
                "west": { "texture": "#3", "uv": [ 0.00, 0.00, 1.00, 1.00 ] },
                "up": { "texture": "#3", "uv": [ 0.00, 0.00, 1.00, 1.00 ] },
                "down": { "texture": "#3", "uv": [ 0.00, 0.00, 1.00, 1.00 ] }
            }
        },
        {
            "name": "Cube",
            "from": [ 4.50, 0.00, 2.00 ], 
            "to": [ 5.50, 4.80, 14.00 ], 
            "faces": {
                "north": { "texture": "#1", "uv": [ 4.80, 0.00, 5.80, 4.80 ] },
                "south": { "texture": "#1", "uv": [ 4.80, 0.00, 5.80, 4.80 ] },
                "west": { "texture": "#1", "uv": [ 2.00, 0.00, 14.00, 4.80 ] },
                "up": { "texture": "#1", "uv": [ 4.80, 2.00, 5.80, 14.00 ] },
                "down": { "texture": "#1", "uv": [ 4.80, 2.00, 5.80, 14.00 ], "cullface": "down" }
            }
        },
        {
            "name": "Cube",
            "from": [ 4.00, 3.00, 4.50 ], 
            "to": [ 5.00, 4.00, 5.50 ], 
            "faces": {
                "north": { "texture": "#0", "uv": [ 0.00, 0.00, 1.00, 1.00 ] },
                "south": { "texture": "#0", "uv": [ 0.00, 0.00, 1.00, 1.00 ] },
                "west": { "texture": "#0", "uv": [ 0.00, 0.00, 1.00, 1.00 ] },
                "up": { "texture": "#0", "uv": [ 0.00, 0.00, 1.00, 1.00 ] },
                "down": { "texture": "#0", "uv": [ 0.00, 0.00, 1.00, 1.00 ] }
            }
        },
        {
            "name": "Cube",
            "from": [ 4.00, 3.00, 6.00 ], 
            "to": [ 5.00, 4.00, 7.00 ], 
            "faces": {
                "north": { "texture": "#0", "uv": [ 0.00, 0.00, 1.00, 1.00 ] },
                "south": { "texture": "#0", "uv": [ 0.00, 0.00, 1.00, 1.00 ] },
                "west": { "texture": "#0", "uv": [ 0.00, 0.00, 1.00, 1.00 ] },
                "up": { "texture": "#0", "uv": [ 0.00, 0.00, 1.00, 1.00 ] },
                "down": { "texture": "#0", "uv": [ 0.00, 0.00, 1.00, 1.00 ] }
            }
        },
        {
            "name": "Cube",
            "from": [ 4.40, 3.00, 8.00 ], 
            "to": [ 5.40, 4.00, 13.00 ], 
            "faces": {
                "north": { "texture": "#4", "uv": [ 0.00, 0.00, 1.00, 1.00 ] },
                "south": { "texture": "#4", "uv": [ 0.00, 0.00, 1.00, 1.00 ] },
                "west": { "texture": "#4", "uv": [ 0.00, 0.00, 5.00, 1.00 ] },
                "up": { "texture": "#4", "uv": [ 0.00, 0.00, 1.00, 5.00 ] },
                "down": { "texture": "#4", "uv": [ 0.00, 0.00, 1.00, 5.00 ] }
            }
        },
        {
            "name": "key_1",
            "from": [ 1.40, 0.20, 1.80 ], 
            "to": [ 2.20, 1.20, 2.60 ], 
            "faces": {
                "north": { "texture": "#0", "uv": [ 0.00, 0.00, 0.80, 1.00 ] },
                "east": { "texture": "#0", "uv": [ 0.00, 0.00, 0.80, 1.00 ] },
                "south": { "texture": "#0", "uv": [ 0.00, 0.00, 0.80, 1.00 ] },
                "west": { "texture": "#0", "uv": [ 0.00, 0.00, 0.80, 1.00 ] },
                "up": { "texture": "#0", "uv": [ 0.00, 0.00, 0.80, 0.80 ] },
                "down": { "texture": "#0", "uv": [ 0.00, 0.00, 0.80, 0.80 ] }
            }
        },
        {
            "name": "key_2",
            "from": [ 2.60, 0.20, 1.40 ], 
            "to": [ 3.40, 1.20, 2.20 ], 
            "faces": {
                "north": { "texture": "#0", "uv": [ 0.00, 0.00, 0.80, 1.00 ] },
                "east": { "texture": "#0", "uv": [ 0.00, 0.00, 0.80, 1.00 ] },
                "south": { "texture": "#0", "uv": [ 0.00, 0.00, 0.80, 1.00 ] },
                "west": { "texture": "#0", "uv": [ 0.00, 0.00, 0.80, 1.00 ] },
                "up": { "texture": "#0", "uv": [ 0.00, 0.00, 0.80, 0.80 ] },
                "down": { "texture": "#0", "uv": [ 0.00, 0.00, 0.80, 0.80 ] }
            }
        },
        {
            "name": "key_3",
            "from": [ 2.60, 0.20, 2.60 ], 
            "to": [ 3.40, 1.20, 3.40 ], 
            "faces": {
                "north": { "texture": "#0", "uv": [ 0.00, 0.00, 0.80, 1.00 ] },
                "east": { "texture": "#0", "uv": [ 0.00, 0.00, 0.80, 1.00 ] },
                "south": { "texture": "#0", "uv": [ 0.00, 0.00, 0.80, 1.00 ] },
                "west": { "texture": "#0", "uv": [ 0.00, 0.00, 0.80, 1.00 ] },
                "up": { "texture": "#0", "uv": [ 0.00, 0.00, 0.80, 0.80 ] },
                "down": { "texture": "#0", "uv": [ 0.00, 0.00, 0.80, 0.80 ] }
            }
        },
        {
            "name": "key_4",
            "from": [ 1.40, 0.20, 3.00 ], 
            "to": [ 2.20, 1.20, 3.80 ], 
            "faces": {
                "north": { "texture": "#0", "uv": [ 0.00, 0.00, 0.80, 1.00 ] },
                "east": { "texture": "#0", "uv": [ 0.00, 0.00, 0.80, 1.00 ] },
                "south": { "texture": "#0", "uv": [ 0.00, 0.00, 0.80, 1.00 ] },
                "west": { "texture": "#0", "uv": [ 0.00, 0.00, 0.80, 1.00 ] },
                "up": { "texture": "#0", "uv": [ 0.00, 0.00, 0.80, 0.80 ] },
                "down": { "texture": "#0", "uv": [ 0.00, 0.00, 0.80, 0.80 ] }
            }
        },
        {
            "name": "key_5",
            "from": [ 2.60, 0.20, 3.80 ], 
            "to": [ 3.40, 1.20, 4.60 ], 
            "faces": {
                "north": { "texture": "#0", "uv": [ 0.00, 0.00, 0.80, 1.00 ] },
                "east": { "texture": "#0", "uv": [ 0.00, 0.00, 0.80, 1.00 ] },
                "south": { "texture": "#0", "uv": [ 0.00, 0.00, 0.80, 1.00 ] },
                "west": { "texture": "#0", "uv": [ 0.00, 0.00, 0.80, 1.00 ] },
                "up": { "texture": "#0", "uv": [ 0.00, 0.00, 0.80, 0.80 ] },
                "down": { "texture": "#0", "uv": [ 0.00, 0.00, 0.80, 0.80 ] }
            }
        },
        {
            "name": "key_6",
            "from": [ 1.40, 0.20, 4.20 ], 
            "to": [ 2.20, 1.20, 5.00 ], 
            "faces": {
                "north": { "texture": "#0", "uv": [ 0.00, 0.00, 0.80, 1.00 ] },
                "east": { "texture": "#0", "uv": [ 0.00, 0.00, 0.80, 1.00 ] },
                "south": { "texture": "#0", "uv": [ 0.00, 0.00, 0.80, 1.00 ] },
                "west": { "texture": "#0", "uv": [ 0.00, 0.00, 0.80, 1.00 ] },
                "up": { "texture": "#0", "uv": [ 0.00, 0.00, 0.80, 0.80 ] },
                "down": { "texture": "#0", "uv": [ 0.00, 0.00, 0.80, 0.80 ] }
            }
        },
        {
            "name": "key_7",
            "from": [ 1.40, 0.20, 5.40 ], 
            "to": [ 2.20, 1.20, 6.20 ], 
            "faces": {
                "north": { "texture": "#0", "uv": [ 0.00, 0.00, 0.80, 1.00 ] },
                "east": { "texture": "#0", "uv": [ 0.00, 0.00, 0.80, 1.00 ] },
                "south": { "texture": "#0", "uv": [ 0.00, 0.00, 0.80, 1.00 ] },
                "west": { "texture": "#0", "uv": [ 0.00, 0.00, 0.80, 1.00 ] },
                "up": { "texture": "#0", "uv": [ 0.00, 0.00, 0.80, 0.80 ] },
                "down": { "texture": "#0", "uv": [ 0.00, 0.00, 0.80, 0.80 ] }
            }
        },
        {
            "name": "key_8",
            "from": [ 2.60, 0.20, 5.00 ], 
            "to": [ 3.40, 1.20, 5.80 ], 
            "faces": {
                "north": { "texture": "#0", "uv": [ 0.00, 0.00, 0.80, 1.00 ] },
                "east": { "texture": "#0", "uv": [ 0.00, 0.00, 0.80, 1.00 ] },
                "south": { "texture": "#0", "uv": [ 0.00, 0.00, 0.80, 1.00 ] },
                "west": { "texture": "#0", "uv": [ 0.00, 0.00, 0.80, 1.00 ] },
                "up": { "texture": "#0", "uv": [ 0.00, 0.00, 0.80, 0.80 ] },
                "down": { "texture": "#0", "uv": [ 0.00, 0.00, 0.80, 0.80 ] }
            }
        },
        {
            "name": "key_9",
            "from": [ 1.40, 0.20, 6.60 ], 
            "to": [ 2.20, 1.20, 7.40 ], 
            "faces": {
                "north": { "texture": "#0", "uv": [ 0.00, 0.00, 0.80, 1.00 ] },
                "east": { "texture": "#0", "uv": [ 0.00, 0.00, 0.80, 1.00 ] },
                "south": { "texture": "#0", "uv": [ 0.00, 0.00, 0.80, 1.00 ] },
                "west": { "texture": "#0", "uv": [ 0.00, 0.00, 0.80, 1.00 ] },
                "up": { "texture": "#0", "uv": [ 0.00, 0.00, 0.80, 0.80 ] },
                "down": { "texture": "#0", "uv": [ 0.00, 0.00, 0.80, 0.80 ] }
            }
        },
        {
            "name": "key_10",
            "from": [ 1.40, 0.20, 7.80 ], 
            "to": [ 2.20, 1.20, 8.60 ], 
            "faces": {
                "north": { "texture": "#0", "uv": [ 0.00, 0.00, 0.80, 1.00 ] },
                "east": { "texture": "#0", "uv": [ 0.00, 0.00, 0.80, 1.00 ] },
                "south": { "texture": "#0", "uv": [ 0.00, 0.00, 0.80, 1.00 ] },
                "west": { "texture": "#0", "uv": [ 0.00, 0.00, 0.80, 1.00 ] },
                "up": { "texture": "#0", "uv": [ 0.00, 0.00, 0.80, 0.80 ] },
                "down": { "texture": "#0", "uv": [ 0.00, 0.00, 0.80, 0.80 ] }
            }
        },
        {
            "name": "key_11",
            "from": [ 2.60, 0.20, 6.20 ], 
            "to": [ 3.40, 1.20, 7.00 ], 
            "faces": {
                "north": { "texture": "#0", "uv": [ 0.00, 0.00, 0.80, 1.00 ] },
                "east": { "texture": "#0", "uv": [ 0.00, 0.00, 0.80, 1.00 ] },
                "south": { "texture": "#0", "uv": [ 0.00, 0.00, 0.80, 1.00 ] },
                "west": { "texture": "#0", "uv": [ 0.00, 0.00, 0.80, 1.00 ] },
                "up": { "texture": "#0", "uv": [ 0.00, 0.00, 0.80, 0.80 ] },
                "down": { "texture": "#0", "uv": [ 0.00, 0.00, 0.80, 0.80 ] }
            }
        },
        {
            "name": "key_12",
            "from": [ 2.60, 0.20, 7.40 ], 
            "to": [ 3.40, 1.20, 8.20 ], 
            "faces": {
                "north": { "texture": "#0", "uv": [ 0.00, 0.00, 0.80, 1.00 ] },
                "east": { "texture": "#0", "uv": [ 0.00, 0.00, 0.80, 1.00 ] },
                "south": { "texture": "#0", "uv": [ 0.00, 0.00, 0.80, 1.00 ] },
                "west": { "texture": "#0", "uv": [ 0.00, 0.00, 0.80, 1.00 ] },
                "up": { "texture": "#0", "uv": [ 0.00, 0.00, 0.80, 0.80 ] },
                "down": { "texture": "#0", "uv": [ 0.00, 0.00, 0.80, 0.80 ] }
            }
        },
        {
            "name": "key_13",
            "from": [ 2.60, 0.20, 8.60 ], 
            "to": [ 3.40, 1.20, 9.40 ], 
            "faces": {
                "north": { "texture": "#0", "uv": [ 0.00, 0.00, 0.80, 1.00 ] },
                "east": { "texture": "#0", "uv": [ 0.00, 0.00, 0.80, 1.00 ] },
                "south": { "texture": "#0", "uv": [ 0.00, 0.00, 0.80, 1.00 ] },
                "west": { "texture": "#0", "uv": [ 0.00, 0.00, 0.80, 1.00 ] },
                "up": { "texture": "#0", "uv": [ 0.00, 0.00, 0.80, 0.80 ] },
                "down": { "texture": "#0", "uv": [ 0.00, 0.00, 0.80, 0.80 ] }
            }
        },
        {
            "name": "key_14",
            "from": [ 1.40, 0.20, 9.00 ], 
            "to": [ 2.20, 1.20, 9.80 ], 
            "faces": {
                "north": { "texture": "#0", "uv": [ 0.00, 0.00, 0.80, 1.00 ] },
                "east": { "texture": "#0", "uv": [ 0.00, 0.00, 0.80, 1.00 ] },
                "south": { "texture": "#0", "uv": [ 0.00, 0.00, 0.80, 1.00 ] },
                "west": { "texture": "#0", "uv": [ 0.00, 0.00, 0.80, 1.00 ] },
                "up": { "texture": "#0", "uv": [ 0.00, 0.00, 0.80, 0.80 ] },
                "down": { "texture": "#0", "uv": [ 0.00, 0.00, 0.80, 0.80 ] }
            }
        },
        {
            "name": "key_15",
            "from": [ 2.60, 0.20, 9.80 ], 
            "to": [ 3.40, 1.20, 11.60 ], 
            "faces": {
                "north": { "texture": "#0", "uv": [ 0.00, 0.00, 0.80, 1.00 ] },
                "east": { "texture": "#0", "uv": [ 0.00, 0.00, 1.80, 1.00 ] },
                "south": { "texture": "#0", "uv": [ 0.00, 0.00, 0.80, 1.00 ] },
                "west": { "texture": "#0", "uv": [ 0.00, 0.00, 1.80, 1.00 ] },
                "up": { "texture": "#0", "uv": [ 0.00, 0.00, 0.80, 1.80 ] },
                "down": { "texture": "#0", "uv": [ 0.00, 0.00, 0.80, 1.80 ] }
            }
        },
        {
            "name": "key_16",
            "from": [ 1.40, 0.20, 10.20 ], 
            "to": [ 2.20, 1.20, 11.00 ], 
            "faces": {
                "north": { "texture": "#0", "uv": [ 0.00, 0.00, 0.80, 1.00 ] },
                "east": { "texture": "#0", "uv": [ 0.00, 0.00, 0.80, 1.00 ] },
                "south": { "texture": "#0", "uv": [ 0.00, 0.00, 0.80, 1.00 ] },
                "west": { "texture": "#0", "uv": [ 0.00, 0.00, 0.80, 1.00 ] },
                "up": { "texture": "#0", "uv": [ 0.00, 0.00, 0.80, 0.80 ] },
                "down": { "texture": "#0", "uv": [ 0.00, 0.00, 0.80, 0.80 ] }
            }
        },
        {
            "name": "mouse_base",
            "from": [ 0.50, 0.00, 13.00 ], 
            "to": [ 4.00, 1.00, 15.00 ], 
            "faces": {
                "north": { "texture": "#1", "uv": [ 0.00, 0.00, 3.50, 1.00 ] },
                "east": { "texture": "#1", "uv": [ 0.00, 0.00, 2.00, 1.00 ] },
                "south": { "texture": "#1", "uv": [ 0.00, 0.00, 3.50, 1.00 ] },
                "west": { "texture": "#1", "uv": [ 0.00, 0.00, 2.00, 1.00 ] },
                "up": { "texture": "#1", "uv": [ 0.00, 0.00, 3.50, 2.00 ] },
                "down": { "texture": "#1", "uv": [ 0.00, 0.00, 3.50, 2.00 ] }
            }
        },
        {
            "name": "mouse_left",
            "from": [ 2.60, 0.10, 13.10 ], 
            "to": [ 3.80, 1.10, 13.90 ], 
            "faces": {
                "north": { "texture": "#0", "uv": [ 0.00, 0.00, 1.20, 1.00 ] },
                "east": { "texture": "#0", "uv": [ 0.00, 0.00, 0.80, 1.00 ] },
                "south": { "texture": "#0", "uv": [ 0.00, 0.00, 1.20, 1.00 ] },
                "west": { "texture": "#0", "uv": [ 0.00, 0.00, 0.80, 1.00 ] },
                "up": { "texture": "#0", "uv": [ 0.00, 0.00, 1.20, 0.80 ] },
                "down": { "texture": "#0", "uv": [ 0.00, 0.00, 1.20, 0.80 ] }
            }
        },
        {
            "name": "mouse_right",
            "from": [ 2.60, 0.10, 14.10 ], 
            "to": [ 3.80, 1.10, 14.90 ], 
            "faces": {
                "north": { "texture": "#0", "uv": [ 0.00, 0.00, 1.20, 1.00 ] },
                "east": { "texture": "#0", "uv": [ 0.00, 0.00, 0.80, 1.00 ] },
                "south": { "texture": "#0", "uv": [ 0.00, 0.00, 1.20, 1.00 ] },
                "west": { "texture": "#0", "uv": [ 0.00, 0.00, 0.80, 1.00 ] },
                "up": { "texture": "#0", "uv": [ 0.00, 0.00, 1.20, 0.80 ] },
                "down": { "texture": "#0", "uv": [ 0.00, 0.00, 1.20, 0.80 ] }
            }
        }
    ]
}