{
	"textures": {
		"particle": "#couch"
	},
	"elements": [{
			"from": [-0.016, 8.0, 15.2],
			"to": [16.016, 14.4, 19.2],
			"faces": {
				"up": {
					"uv": [0, 0, 16.0, 4.0],
					"texture": "#couch"
				},
				"down": {
					"uv": [0, 0, 16.0, 4.0],
					"texture": "#couch"
				},
				"north": {
					"uv": [0, 8.0, 16.0, 14.4],
					"texture": "#couch"
				},
				"south": {
					"uv": [0, 8.0, 16.0, 14.4],
					"texture": "#couch"
				},
				"west": {
					"uv": [0, 8.0, 4.0, 14.4],
					"texture": "#couch"
				},
				"east": {
					"uv": [0, 8.0, 4.0, 14.4],
					"texture": "#couch"
				}
			}
		},
		{
			"from": [12.0, 9.6, 0.0],
			"to": [16.0, 19.2, 16.0],
			"faces": {
				"up": {
					"uv": [12.0, 0.0, 16.0, 16.0],
					"texture": "#couch"
				},
				"down": {
					"uv": [12.0, 0.0, 16.0, 16.0],
					"texture": "#couch"
				},
				"north": {
					"uv": [12.0, 6.4, 16.0, 16.0],
					"texture": "#couch"
				},
				"south": {
					"uv": [12.0, 6.4, 16.0, 16.0],
					"texture": "#couch"
				},
				"west": {
					"uv": [0.0, 6.4, 16.0, 16.0],
					"texture": "#couch"
				},
				"east": {
					"uv": [0.0, 6.4, 16.0, 16.0],
					"texture": "#couch"
				}
			}
		},
		{
			"from": [0.0, 0.0, 0.0],
			"to": [16.0, 9.6, 16.0],
			"faces": {
				"up": {
					"uv": [0.0, 0.0, 16.0, 16.0],
					"texture": "#couch"
				},
				"down": {
					"uv": [0.0, 0.0, 16.0, 16.0],
					"texture": "#couch"
				},
				"north": {
					"uv": [0.0, 0.0, 16.0, 9.6],
					"texture": "#couch"
				},
				"south": {
					"uv": [0.0, 0.0, 16.0, 9.6],
					"texture": "#couch"
				},
				"west": {
					"uv": [0.0, 0.0, 16.0, 9.6],
					"texture": "#couch"
				},
				"east": {
					"uv": [0.0, 0.0, 16.0, 9.6],
					"texture": "#couch"
				}
			}
		}
	]
}