{
	"textures": {
		"particle": "#couch"
	},
	"display": {
		"gui": {
			"rotation": [30, 135, 0],
			"translation": [0, 0, 0],
			"scale": [0.625, 0.625, 0.625]
		},
		"ground": {
			"rotation": [0, 0, 0],
			"translation": [0, 3, 0],
			"scale": [0.25, 0.25, 0.25]
		},
		"fixed": {
			"rotation": [0, 0, 0],
			"translation": [0, 0, 0],
			"scale": [0.5, 0.5, 0.5]
		},
		"thirdperson_righthand": {
			"rotation": [75, 45, 0],
			"translation": [0, 2.5, 0],
			"scale": [0.375, 0.375, 0.375]
		},
		"firstperson_righthand": {
			"rotation": [0, 45, 0],
			"translation": [0, 0, 0],
			"scale": [0.40, 0.40, 0.40]
		},
		"firstperson_lefthand": {
			"rotation": [0, 225, 0],
			"translation": [0, 0, 0],
			"scale": [0.40, 0.40, 0.40]
		}
	},
	"elements": [{
			"from": [12.0, 9.6, 0.0],
			"to": [16.0, 19.2, 16.0],
			"faces": {
				"up": {
					"uv": [12.0, 0.0, 16.0, 16.0],
					"texture": "#couch"
				},
				"down": {
					"uv": [12.0, 0.0, 16.0, 16.0],
					"texture": "#couch"
				},
				"north": {
					"uv": [12.0, 6.4, 16.0, 16.0],
					"texture": "#couch"
				},
				"south": {
					"uv": [12.0, 6.4, 16.0, 16.0],
					"texture": "#couch"
				},
				"west": {
					"uv": [0.0, 6.4, 16.0, 16.0],
					"texture": "#couch"
				},
				"east": {
					"uv": [0.0, 6.4, 16.0, 16.0],
					"texture": "#couch"
				}
			}
		},
		{
			"from": [0.0, 0.0, 0.0],
			"to": [16.0, 9.6, 16.0],
			"faces": {
				"up": {
					"uv": [0.0, 0.0, 16.0, 16.0],
					"texture": "#couch"
				},
				"down": {
					"uv": [0.0, 0.0, 16.0, 16.0],
					"texture": "#couch"
				},
				"north": {
					"uv": [0.0, 0.0, 16.0, 9.6],
					"texture": "#couch"
				},
				"south": {
					"uv": [0.0, 0.0, 16.0, 9.6],
					"texture": "#couch"
				},
				"west": {
					"uv": [0.0, 0.0, 16.0, 9.6],
					"texture": "#couch"
				},
				"east": {
					"uv": [0.0, 0.0, 16.0, 9.6],
					"texture": "#couch"
				}
			}
		}
	]
}