{
    "textures": {
        "particle": "blocks/concrete_white",
        "0": "blocks/concrete_white",
        "1": "blocks/concrete_gray",
        "2": "blocks/concrete_silver",
        "3": "blocks/concrete_gray",
        "4": "blocks/water_still"
    },
    "display": {
        "gui": {
            "rotation": [ 30, 135, 0 ],
            "translation": [ 0, 0, 0 ],
            "scale": [ 0.625, 0.625, 0.625 ]
        },
        "ground": {
            "rotation": [ 0, 0, 0 ],
            "translation": [ 0, 3, 0 ],
            "scale": [ 0.25, 0.25, 0.25 ]
        },
        "fixed": {
            "rotation": [ 0, 0, 0 ],
            "translation": [ 0, 0, 0 ],
            "scale": [ 0.5, 0.5, 0.5 ]
        },
        "thirdperson_righthand": {
            "rotation": [ 75, 45, 0 ],
            "translation": [ 0, 2.5, 0 ],
            "scale": [ 0.375, 0.375, 0.375 ]
        },
        "thirdperson_lefthand": {
            "rotation": [ 75, 225, 0 ],
            "translation": [ 0, 2.5, 0 ],
            "scale": [ 0.375, 0.375, 0.375 ]
        },
        "firstperson_righthand": {
            "rotation": [ 0, 45, 0 ],
            "translation": [ 0, 0, 0 ],
            "scale": [ 0.40, 0.40, 0.40 ]
        },
        "firstperson_lefthand": {
            "rotation": [ 0, 225, 0 ],
            "translation": [ 0, 0, 0 ],
            "scale": [ 0.40, 0.40, 0.40 ]
        }
    },
    "elements": [
        {
            "from": [ 2.0, 0.0, 0.0 ],
            "to": [ 16.0, 10.0, 16.0 ],
            "faces": {
                "up": {
                    "uv": [ 2.0, 0.0, 16.0, 16.0 ],
                    "texture": "#0"
                },
                "down": {
                    "uv": [ 2.0, 0.0, 16.0, 16.0 ],
                    "texture": "#0"
                },
                "north": {
                    "uv": [ 2.0, 0.0, 16.0, 10.0 ],
                    "texture": "#0"
                },
                "south": {
                    "uv": [ 2.0, 0.0, 16.0, 10.0 ],
                    "texture": "#0"
                },
                "west": {
                    "uv": [ 0.0, 0.0, 16.0, 10.0 ],
                    "texture": "#0"
                },
                "east": {
                    "uv": [ 0.0, 0.0, 16.0, 10.0 ],
                    "texture": "#0"
                }
            }
        },
        {
            "from": [ 12.0, 10.0, 0.0 ],
            "to": [ 16.0, 16.0, 16.0 ],
            "faces": {
                "up": {
                    "uv": [ 12.0, 0.0, 16.0, 16.0 ],
                    "texture": "#0"
                },
                "down": {
                    "uv": [ 12.0, 0.0, 16.0, 16.0 ],
                    "texture": "#0"
                },
                "north": {
                    "uv": [ 12.0, 10.0, 16.0, 16.0 ],
                    "texture": "#0"
                },
                "south": {
                    "uv": [ 12.0, 10.0, 16.0, 16.0 ],
                    "texture": "#0"
                },
                "west": {
                    "uv": [ 0.0, 10.0, 16.0, 16.0 ],
                    "texture": "#0"
                },
                "east": {
                    "uv": [ 0.0, 10.0, 16.0, 16.0 ],
                    "texture": "#0"
                }
            }
        },
        {
            "from": [ 2.0, 10.0, 0.0 ],
            "to": [ 12.0, 16.0, 1.0 ],
            "faces": {
                "up": {
                    "uv": [ 2.0, 0.0, 12.0, 1.0 ],
                    "texture": "#0"
                },
                "down": {
                    "uv": [ 2.0, 0.0, 12.0, 1.0 ],
                    "texture": "#0"
                },
                "north": {
                    "uv": [ 2.0, 10.0, 12.0, 16.0 ],
                    "texture": "#0"
                },
                "south": {
                    "uv": [ 2.0, 10.0, 12.0, 16.0 ],
                    "texture": "#0"
                },
                "west": {
                    "uv": [ 0.0, 10.0, 1.0, 16.0 ],
                    "texture": "#0"
                },
                "east": {
                    "uv": [ 0.0, 10.0, 1.0, 16.0 ],
                    "texture": "#0"
                }
            }
        },
        {
            "from": [ 2.0, 10.0, 15.0 ],
            "to": [ 12.0, 16.0, 16.0 ],
            "faces": {
                "up": {
                    "uv": [ 2.0, 15.0, 12.0, 16.0 ],
                    "texture": "#0"
                },
                "down": {
                    "uv": [ 2.0, 15.0, 12.0, 16.0 ],
                    "texture": "#0"
                },
                "north": {
                    "uv": [ 2.0, 10.0, 12.0, 16.0 ],
                    "texture": "#0"
                },
                "south": {
                    "uv": [ 2.0, 10.0, 12.0, 16.0 ],
                    "texture": "#0"
                },
                "west": {
                    "uv": [ 15.0, 10.0, 16.0, 16.0 ],
                    "texture": "#0"
                },
                "east": {
                    "uv": [ 15.0, 10.0, 16.0, 16.0 ],
                    "texture": "#0"
                }
            }
        },
        {
            "from": [ 2.0, 10.0, 1.0 ],
            "to": [ 3.0, 16.0, 15.0 ],
            "faces": {
                "up": {
                    "uv": [ 2.0, 1.0, 3.0, 15.0 ],
                    "texture": "#0"
                },
                "down": {
                    "uv": [ 2.0, 1.0, 3.0, 15.0 ],
                    "texture": "#0"
                },
                "north": {
                    "uv": [ 2.0, 10.0, 3.0, 16.0 ],
                    "texture": "#0"
                },
                "south": {
                    "uv": [ 2.0, 10.0, 3.0, 16.0 ],
                    "texture": "#0"
                },
                "west": {
                    "uv": [ 1.0, 10.0, 15.0, 16.0 ],
                    "texture": "#0"
                },
                "east": {
                    "uv": [ 1.0, 10.0, 15.0, 16.0 ],
                    "texture": "#0"
                }
            }
        },
        {
            "from": [ 13.0, 16.0, 7.0 ],
            "to": [ 15.0, 20.0, 9.0 ],
            "faces": {
                "up": {
                    "uv": [ 13.0, 7.0, 15.0, 9.0 ],
                    "texture": "#1"
                },
                "down": {
                    "uv": [ 13.0, 7.0, 15.0, 9.0 ],
                    "texture": "#1"
                },
                "north": {
                    "uv": [ 13.0, 12.0, 15.0, 16.0 ],
                    "texture": "#1"
                },
                "south": {
                    "uv": [ 13.0, 12.0, 15.0, 16.0 ],
                    "texture": "#1"
                },
                "west": {
                    "uv": [ 7.0, 12.0, 9.0, 16.0 ],
                    "texture": "#1"
                },
                "east": {
                    "uv": [ 7.0, 12.0, 9.0, 16.0 ],
                    "texture": "#1"
                }
            }
        },
        {
            "from": [ 9.0, 20.0, 7.0 ],
            "to": [ 15.0, 22.0, 9.0 ],
            "faces": {
                "up": {
                    "uv": [ 9.0, 7.0, 15.0, 9.0 ],
                    "texture": "#1"
                },
                "down": {
                    "uv": [ 9.0, 7.0, 15.0, 9.0 ],
                    "texture": "#1"
                },
                "north": {
                    "uv": [ 9.0, 14.0, 15.0, 16.0 ],
                    "texture": "#1"
                },
                "south": {
                    "uv": [ 9.0, 14.0, 15.0, 16.0 ],
                    "texture": "#1"
                },
                "west": {
                    "uv": [ 7.0, 14.0, 9.0, 16.0 ],
                    "texture": "#1"
                },
                "east": {
                    "uv": [ 7.0, 14.0, 9.0, 16.0 ],
                    "texture": "#1"
                }
            }
        },
        {
            "from": [ 13.0, 16.0, 2.0 ],
            "to": [ 15.0, 18.0, 4.0 ],
            "faces": {
                "up": {
                    "uv": [ 13.0, 2.0, 15.0, 4.0 ],
                    "texture": "#1"
                },
                "down": {
                    "uv": [ 13.0, 2.0, 15.0, 4.0 ],
                    "texture": "#1"
                },
                "north": {
                    "uv": [ 13.0, 14.0, 15.0, 16.0 ],
                    "texture": "#1"
                },
                "south": {
                    "uv": [ 13.0, 14.0, 15.0, 16.0 ],
                    "texture": "#1"
                },
                "west": {
                    "uv": [ 2.0, 14.0, 4.0, 16.0 ],
                    "texture": "#1"
                },
                "east": {
                    "uv": [ 2.0, 14.0, 4.0, 16.0 ],
                    "texture": "#1"
                }
            }
        },
        {
            "from": [ 13.0, 16.0, 12.0 ],
            "to": [ 15.0, 18.0, 14.0 ],
            "faces": {
                "up": {
                    "uv": [ 13.0, 12.0, 15.0, 14.0 ],
                    "texture": "#1"
                },
                "down": {
                    "uv": [ 13.0, 12.0, 15.0, 14.0 ],
                    "texture": "#1"
                },
                "north": {
                    "uv": [ 13.0, 14.0, 15.0, 16.0 ],
                    "texture": "#1"
                },
                "south": {
                    "uv": [ 13.0, 14.0, 15.0, 16.0 ],
                    "texture": "#1"
                },
                "west": {
                    "uv": [ 12.0, 14.0, 14.0, 16.0 ],
                    "texture": "#1"
                },
                "east": {
                    "uv": [ 12.0, 14.0, 14.0, 16.0 ],
                    "texture": "#1"
                }
            }
        },
        {
            "from": [ 9.0, 19.68, 7.0 ],
            "to": [ 11.0, 20.0, 9.0 ],
            "faces": {
                "up": {
                    "uv": [ 9.0, 7.0, 11.0, 9.0 ],
                    "texture": "#2"
                },
                "down": {
                    "uv": [ 9.0, 7.0, 11.0, 9.0 ],
                    "texture": "#2"
                },
                "north": {
                    "uv": [ 9.0, 15.68, 11.0, 16.0 ],
                    "texture": "#2"
                },
                "south": {
                    "uv": [ 9.0, 15.68, 11.0, 16.0 ],
                    "texture": "#2"
                },
                "west": {
                    "uv": [ 7.0, 15.68, 9.0, 16.0 ],
                    "texture": "#2"
                },
                "east": {
                    "uv": [ 7.0, 15.68, 9.0, 16.0 ],
                    "texture": "#2"
                }
            }
        },
        {
            "from": [ 0.0, 14.0, 0.0 ],
            "to": [ 2.0, 16.0, 16.0 ],
            "faces": {
                "up": {
                    "uv": [ 0.0, 0.0, 2.0, 16.0 ],
                    "texture": "#top"
                },
                "down": {
                    "uv": [ 0.0, 0.0, 2.0, 16.0 ],
                    "texture": "#top"
                },
                "north": {
                    "uv": [ 0.0, 14.0, 2.0, 16.0 ],
                    "texture": "#top"
                },
                "south": {
                    "uv": [ 0.0, 14.0, 2.0, 16.0 ],
                    "texture": "#top"
                },
                "west": {
                    "uv": [ 0.0, 14.0, 16.0, 16.0 ],
                    "texture": "#top"
                },
                "east": {
                    "uv": [ 0.0, 14.0, 16.0, 16.0 ],
                    "texture": "#top"
                }
            }
        },
        {
            "from": [ 2.0, 10.0, 1.0 ],
            "to": [ 12.0, 14.56, 15.0 ],
            "faces": {
                "up": {
                    "uv": [ 2.0, 1.0, 12.0, 15.0 ],
                    "texture": "#4"
                }
            }
        }
    ]
}
