{
    "__comment": "Model generated using MrCrayfish's Model Creator (https://mrcrayfish.com/tools?id=mc)",
    "textures": {
        "particle": "blocks/concrete_white",
        "base": "blocks/concrete_white",
        "variant": "blocks/hardened_clay_stained_cyan"
    },
    "display": {
        "gui": {
            "rotation": [ 30, 135, 0 ],
            "translation": [ 0, 0, 0 ],
            "scale": [ 0.625, 0.625, 0.625 ]
        },
        "ground": {
            "rotation": [ 0, 0, 0 ],
            "translation": [ 0, 3, 0 ],
            "scale": [ 0.25, 0.25, 0.25 ]
        },
        "fixed": {
            "rotation": [ 0, 0, 0 ],
            "translation": [ 0, 0, 0 ],
            "scale": [ 0.5, 0.5, 0.5 ]
        },
        "thirdperson_righthand": {
            "rotation": [ 75, 45, 0 ],
            "translation": [ 0, 2.5, 0 ],
            "scale": [ 0.375, 0.375, 0.375 ]
        },
        "firstperson_righthand": {
            "rotation": [ 0, 45, 0 ],
            "translation": [ 0, 0, 0 ],
            "scale": [ 0.40, 0.40, 0.40 ]
        }
    },
    "elements": [
        {
            "name": "Element",
            "from": [ 2.00, 0.00, 0.00 ], 
            "to": [ 16.00, 14.00, 16.00 ], 
            "faces": {
                "north": { "texture": "#base", "uv": [ 2.00, 0.00, 16.00, 14.00 ] },
                "east": { "texture": "#base", "uv": [ 0.00, 0.00, 16.00, 14.00 ] },
                "south": { "texture": "#base", "uv": [ 2.00, 0.00, 16.00, 14.00 ] },
                "west": { "texture": "#base", "uv": [ 0.00, 0.00, 16.00, 14.00 ] },
                "up": { "texture": "#base", "uv": [ 2.00, 0.00, 16.00, 16.00 ] },
                "down": { "texture": "#base", "uv": [ 2.00, 0.00, 16.00, 16.00 ] }
            }
        },
        {
            "name": "Element",
            "from": [ 0.00, 14.00, 0.00 ], 
            "to": [ 16.00, 16.00, 16.00 ], 
            "faces": {
                "north": { "texture": "#variant", "uv": [ 0.00, 14.00, 16.00, 16.00 ] },
                "east": { "texture": "#variant", "uv": [ 0.00, 14.00, 16.00, 16.00 ] },
                "south": { "texture": "#variant", "uv": [ 0.00, 14.00, 16.00, 16.00 ] },
                "west": { "texture": "#variant", "uv": [ 0.00, 14.00, 16.00, 16.00 ] },
                "up": { "texture": "#variant", "uv": [ 0.00, 0.00, 16.00, 16.00 ] },
                "down": { "texture": "#variant", "uv": [ 0.00, 0.00, 16.00, 16.00 ] }
            }
        },
        {
            "name": "Cube",
            "from": [ 1.00, 8.00, 1.00 ], 
            "to": [ 2.00, 13.00, 15.00 ], 
            "faces": {
                "north": { "texture": "#variant", "uv": [ 0.00, 0.00, 1.00, 5.00 ] },
                "east": { "texture": "#variant", "uv": [ 0.00, 0.00, 14.00, 5.00 ] },
                "south": { "texture": "#variant", "uv": [ 0.00, 0.00, 1.00, 5.00 ] },
                "west": { "texture": "#variant", "uv": [ 0.00, 0.00, 14.00, 5.00 ] },
                "up": { "texture": "#variant", "uv": [ 0.00, 0.00, 1.00, 14.00 ] },
                "down": { "texture": "#variant", "uv": [ 0.00, 0.00, 1.00, 14.00 ] }
            }
        },
        {
            "name": "Cube",
            "from": [ 1.00, 2.00, 1.00 ], 
            "to": [ 2.00, 7.00, 15.00 ], 
            "faces": {
                "north": { "texture": "#variant", "uv": [ 0.00, 0.00, 1.00, 5.00 ] },
                "east": { "texture": "#variant", "uv": [ 0.00, 0.00, 14.00, 5.00 ] },
                "south": { "texture": "#variant", "uv": [ 0.00, 0.00, 1.00, 5.00 ] },
                "west": { "texture": "#variant", "uv": [ 0.00, 0.00, 14.00, 5.00 ] },
                "up": { "texture": "#variant", "uv": [ 0.00, 0.00, 1.00, 14.00 ] },
                "down": { "texture": "#variant", "uv": [ 0.00, 0.00, 1.00, 14.00 ] }
            }
        },
        {
            "name": "Cube",
            "from": [ 0.00, 10.00, 5.50 ], 
            "to": [ 1.00, 11.00, 10.50 ], 
            "faces": {
                "north": { "texture": "#base", "uv": [ 0.00, 0.00, 1.00, 1.00 ] },
                "east": { "texture": "#base", "uv": [ 0.00, 0.00, 5.00, 1.00 ] },
                "south": { "texture": "#base", "uv": [ 0.00, 0.00, 1.00, 1.00 ] },
                "west": { "texture": "#base", "uv": [ 0.00, 0.00, 5.00, 1.00 ] },
                "up": { "texture": "#base", "uv": [ 0.00, 0.00, 1.00, 5.00 ] },
                "down": { "texture": "#base", "uv": [ 0.00, 0.00, 1.00, 5.00 ] }
            }
        },
        {
            "name": "Cube",
            "from": [ 0.00, 4.00, 5.50 ], 
            "to": [ 1.00, 5.00, 10.50 ], 
            "faces": {
                "north": { "texture": "#base", "uv": [ 0.00, 0.00, 1.00, 1.00 ] },
                "east": { "texture": "#base", "uv": [ 0.00, 0.00, 5.00, 1.00 ] },
                "south": { "texture": "#base", "uv": [ 0.00, 0.00, 1.00, 1.00 ] },
                "west": { "texture": "#base", "uv": [ 0.00, 0.00, 5.00, 1.00 ] },
                "up": { "texture": "#base", "uv": [ 0.00, 0.00, 1.00, 5.00 ] },
                "down": { "texture": "#base", "uv": [ 0.00, 0.00, 1.00, 5.00 ] }
            }
        }
    ]
}