{
    "__comment": "Model generated using MrCrayfish's Model Creator (http://mrcrayfish.com/modelcreator/)",
    "textures": {
		"particle": "#primary",
        "0": "#secondary",
        "1": "#primary",
        "2": "#secondary"
    },
	"display": {
        "gui": {
            "rotation": [ 30, 45, 0 ],
            "translation": [ 0, 0, 0],
            "scale":[ 0.625, 0.625, 0.625 ]
        },
        "ground": {
            "rotation": [ 0, 0, 0 ],
            "translation": [ 0, 3, 0],
            "scale":[ 0.25, 0.25, 0.25 ]
        },
        "fixed": {
            "rotation": [ 0, 0, 0 ],
            "translation": [ 0, 0, 0],
            "scale":[ 0.5, 0.5, 0.5 ]
        },
        "thirdperson_righthand": {
            "rotation": [ 75, 45, 0 ],
            "translation": [ 0, 2.5, 0],
            "scale": [ 0.375, 0.375, 0.375 ]
        },
        "firstperson_righthand": {
            "rotation": [ 0, 45, 0 ],
            "translation": [ 0, 0, 0 ],
            "scale": [ 0.40, 0.40, 0.40 ]
        },
        "firstperson_lefthand": {
            "rotation": [ 0, 225, 0 ],
            "translation": [ 0, 0, 0 ],
            "scale": [ 0.40, 0.40, 0.40 ]
        }
    },
    "elements": [
        {
            "name": "inside",
            "from": [ 1.0, 1.0, 1.0 ], 
            "to": [ 15.0, 15.0, 15.0 ], 
            "faces": {
                "north": { "texture": "#0", "uv": [ 0.0, 0.0, 14.0, 14.0 ] },
                "east": { "texture": "#0", "uv": [ 0.0, 0.0, 14.0, 14.0 ] },
                "south": { "texture": "#0", "uv": [ 0.0, 0.0, 14.0, 14.0 ] },
                "west": { "texture": "#0", "uv": [ 0.0, 0.0, 14.0, 14.0 ] },
                "up": { "texture": "#0", "uv": [ 0.0, 0.0, 14.0, 14.0 ] },
                "down": { "texture": "#0", "uv": [ 0.0, 0.0, 14.0, 14.0 ] }
            }
        },
        {
            "name": "back_left_seal",
            "from": [ 0.0, 0.0, 0.0 ], 
            "to": [ 2.0, 16.0, 2.0 ], 
            "faces": {
                "north": { "texture": "#1", "uv": [ 0.0, 0.0, 2.0, 16.0 ] },
                "east": { "texture": "#1", "uv": [ 0.0, 0.0, 2.0, 16.0 ] },
                "south": { "texture": "#1", "uv": [ 0.0, 0.0, 2.0, 16.0 ] },
                "west": { "texture": "#1", "uv": [ 0.0, 0.0, 2.0, 16.0 ] },
                "up": { "texture": "#1", "uv": [ 0.0, 0.0, 2.0, 2.0 ] },
                "down": { "texture": "#1", "uv": [ 0.0, 0.0, 2.0, 2.0 ] }
            }
        },
        {
            "name": "back_right_seal",
            "from": [ 14.0, 0.0, 0.0 ], 
            "to": [ 16.0, 16.0, 2.0 ], 
            "faces": {
                "north": { "texture": "#1", "uv": [ 0.0, 0.0, 2.0, 16.0 ] },
                "east": { "texture": "#1", "uv": [ 0.0, 0.0, 2.0, 16.0 ] },
                "south": { "texture": "#1", "uv": [ 0.0, 0.0, 2.0, 16.0 ] },
                "west": { "texture": "#1", "uv": [ 0.0, 0.0, 2.0, 16.0 ] },
                "up": { "texture": "#1", "uv": [ 0.0, 0.0, 2.0, 2.0 ] },
                "down": { "texture": "#1", "uv": [ 0.0, 0.0, 2.0, 2.0 ] }
            }
        },
        {
            "name": "front_right_seal",
            "from": [ 14.0, 0.0, 14.0 ], 
            "to": [ 16.0, 16.0, 16.0 ], 
            "faces": {
                "north": { "texture": "#1", "uv": [ 0.0, 0.0, 2.0, 16.0 ] },
                "east": { "texture": "#1", "uv": [ 0.0, 0.0, 2.0, 16.0 ] },
                "south": { "texture": "#1", "uv": [ 0.0, 0.0, 2.0, 16.0 ] },
                "west": { "texture": "#1", "uv": [ 0.0, 0.0, 2.0, 16.0 ] },
                "up": { "texture": "#1", "uv": [ 0.0, 0.0, 2.0, 2.0 ] },
                "down": { "texture": "#1", "uv": [ 0.0, 0.0, 2.0, 2.0 ] }
            }
        },
        {
            "name": "front_left_seal",
            "from": [ 0.0, 0.0, 14.0 ], 
            "to": [ 2.0, 16.0, 16.0 ], 
            "faces": {
                "north": { "texture": "#1", "uv": [ 0.0, 0.0, 2.0, 16.0 ] },
                "east": { "texture": "#1", "uv": [ 0.0, 0.0, 2.0, 16.0 ] },
                "south": { "texture": "#1", "uv": [ 0.0, 0.0, 2.0, 16.0 ] },
                "west": { "texture": "#1", "uv": [ 0.0, 0.0, 2.0, 16.0 ] },
                "up": { "texture": "#1", "uv": [ 0.0, 0.0, 2.0, 2.0 ] },
                "down": { "texture": "#1", "uv": [ 0.0, 0.0, 2.0, 2.0 ] }
            }
        },
        {
            "name": "back_bottom_seal",
            "from": [ 2.0, 0.0, 0.0 ], 
            "to": [ 14.0, 2.0, 2.0 ], 
            "faces": {
                "north": { "texture": "#1", "uv": [ 0.0, 0.0, 12.0, 2.0 ] },
                "east": { "texture": "#1", "uv": [ 0.0, 0.0, 2.0, 2.0 ] },
                "south": { "texture": "#1", "uv": [ 0.0, 0.0, 12.0, 2.0 ] },
                "west": { "texture": "#1", "uv": [ 0.0, 0.0, 2.0, 2.0 ] },
                "up": { "texture": "#1", "uv": [ 0.0, 0.0, 12.0, 2.0 ] },
                "down": { "texture": "#1", "uv": [ 0.0, 0.0, 12.0, 2.0 ] }
            }
        },
        {
            "name": "back_top_seal",
            "from": [ 2.0, 14.0, 0.0 ], 
            "to": [ 14.0, 16.0, 2.0 ], 
            "faces": {
                "north": { "texture": "#1", "uv": [ 0.0, 0.0, 12.0, 2.0 ] },
                "east": { "texture": "#1", "uv": [ 0.0, 0.0, 2.0, 2.0 ] },
                "south": { "texture": "#1", "uv": [ 0.0, 0.0, 12.0, 2.0 ] },
                "west": { "texture": "#1", "uv": [ 0.0, 0.0, 2.0, 2.0 ] },
                "up": { "texture": "#1", "uv": [ 0.0, 0.0, 12.0, 2.0 ] },
                "down": { "texture": "#1", "uv": [ 0.0, 0.0, 12.0, 2.0 ] }
            }
        },
        {
            "name": "front_top_seal",
            "from": [ 2.0, 14.0, 14.0 ], 
            "to": [ 14.0, 16.0, 16.0 ], 
            "faces": {
                "north": { "texture": "#1", "uv": [ 0.0, 0.0, 12.0, 2.0 ] },
                "east": { "texture": "#1", "uv": [ 0.0, 0.0, 2.0, 2.0 ] },
                "south": { "texture": "#1", "uv": [ 0.0, 0.0, 12.0, 2.0 ] },
                "west": { "texture": "#1", "uv": [ 0.0, 0.0, 2.0, 2.0 ] },
                "up": { "texture": "#1", "uv": [ 0.0, 0.0, 12.0, 2.0 ] },
                "down": { "texture": "#1", "uv": [ 0.0, 0.0, 12.0, 2.0 ] }
            }
        },
        {
            "name": "front_bottom_seal",
            "from": [ 2.0, 0.0, 14.0 ], 
            "to": [ 14.0, 2.0, 16.0 ], 
            "faces": {
                "north": { "texture": "#1", "uv": [ 0.0, 0.0, 12.0, 2.0 ] },
                "east": { "texture": "#1", "uv": [ 0.0, 0.0, 2.0, 2.0 ] },
                "south": { "texture": "#1", "uv": [ 0.0, 0.0, 12.0, 2.0 ] },
                "west": { "texture": "#1", "uv": [ 0.0, 0.0, 2.0, 2.0 ] },
                "up": { "texture": "#1", "uv": [ 0.0, 0.0, 12.0, 2.0 ] },
                "down": { "texture": "#1", "uv": [ 0.0, 0.0, 12.0, 2.0 ] }
            }
        },
        {
            "name": "left_bottom_seal",
            "from": [ 0.0, 0.0, 2.0 ], 
            "to": [ 2.0, 2.0, 14.0 ], 
            "faces": {
                "north": { "texture": "#1", "uv": [ 0.0, 0.0, 2.0, 2.0 ] },
                "east": { "texture": "#1", "uv": [ 0.0, 0.0, 12.0, 2.0 ] },
                "south": { "texture": "#1", "uv": [ 0.0, 0.0, 2.0, 2.0 ] },
                "west": { "texture": "#1", "uv": [ 0.0, 0.0, 12.0, 2.0 ] },
                "up": { "texture": "#1", "uv": [ 0.0, 0.0, 2.0, 12.0 ] },
                "down": { "texture": "#1", "uv": [ 0.0, 0.0, 2.0, 12.0 ] }
            }
        },
        {
            "name": "left_top_seal",
            "from": [ 0.0, 14.0, 2.0 ], 
            "to": [ 2.0, 16.0, 14.0 ], 
            "faces": {
                "north": { "texture": "#1", "uv": [ 0.0, 0.0, 2.0, 2.0 ] },
                "east": { "texture": "#1", "uv": [ 0.0, 0.0, 12.0, 2.0 ] },
                "south": { "texture": "#1", "uv": [ 0.0, 0.0, 2.0, 2.0 ] },
                "west": { "texture": "#1", "uv": [ 0.0, 0.0, 12.0, 2.0 ] },
                "up": { "texture": "#1", "uv": [ 0.0, 0.0, 2.0, 12.0 ] },
                "down": { "texture": "#1", "uv": [ 0.0, 0.0, 2.0, 12.0 ] }
            }
        },
        {
            "name": "right_top_seal",
            "from": [ 14.0, 14.0, 2.0 ], 
            "to": [ 16.0, 16.0, 14.0 ], 
            "faces": {
                "north": { "texture": "#1", "uv": [ 0.0, 0.0, 2.0, 2.0 ] },
                "east": { "texture": "#1", "uv": [ 0.0, 0.0, 12.0, 2.0 ] },
                "south": { "texture": "#1", "uv": [ 0.0, 0.0, 2.0, 2.0 ] },
                "west": { "texture": "#1", "uv": [ 0.0, 0.0, 12.0, 2.0 ] },
                "up": { "texture": "#1", "uv": [ 0.0, 0.0, 2.0, 12.0 ] },
                "down": { "texture": "#1", "uv": [ 0.0, 0.0, 2.0, 12.0 ] }
            }
        },
        {
            "name": "right_bottom_seal",
            "from": [ 14.0, 0.0, 2.0 ], 
            "to": [ 16.0, 2.0, 14.0 ], 
            "faces": {
                "north": { "texture": "#1", "uv": [ 0.0, 0.0, 2.0, 2.0 ] },
                "east": { "texture": "#1", "uv": [ 0.0, 0.0, 12.0, 2.0 ] },
                "south": { "texture": "#1", "uv": [ 0.0, 0.0, 2.0, 2.0 ] },
                "west": { "texture": "#1", "uv": [ 0.0, 0.0, 12.0, 2.0 ] },
                "up": { "texture": "#1", "uv": [ 0.0, 0.0, 2.0, 12.0 ] },
                "down": { "texture": "#1", "uv": [ 0.0, 0.0, 2.0, 12.0 ] }
            }
        },
        {
            "name": "left_inside_seal",
            "from": [ 0.5, 13.0, 2.0 ], 
            "to": [ 1.0, 15.0, 19.0 ], 
            "rotation": { "origin": [ 1.0, 14.0, 2.0 ], "axis": "x", "angle": 45.0 },
            "faces": {
                "north": { "texture": "#2", "uv": [ 0.0, 0.0, 0.5, 2.0 ] },
                "east": { "texture": "#2", "uv": [ 0.0, 0.0, 16.0, 2.0 ] },
                "south": { "texture": "#2", "uv": [ 0.0, 0.0, 0.5, 2.0 ] },
                "west": { "texture": "#2", "uv": [ 0.0, 0.0, 16.0, 2.0 ] },
                "up": { "texture": "#2", "uv": [ 0.0, 0.0, 0.5, 16.0 ] },
                "down": { "texture": "#2", "uv": [ 0.0, 0.0, 0.5, 16.0 ] }
            }
        },
        {
            "name": "right_inside_seal",
            "from": [ 15.0, 2.0, 1.0 ], 
            "to": [ 15.5, 19.0, 3.0 ], 
            "rotation": { "origin": [ 15.0, 2.0, 2.0 ], "axis": "x", "angle": 45.0 },
            "faces": {
                "north": { "texture": "#2", "uv": [ 0.0, 0.0, 0.5, 16.0 ] },
                "east": { "texture": "#2", "uv": [ 0.0, 0.0, 16.0, 2.0 ], "rotation": 90 },
                "south": { "texture": "#2", "uv": [ 0.0, 0.0, 0.5, 16.0 ] },
                "west": { "texture": "#2", "uv": [ 0.0, 0.0, 2.0, 16.0 ] },
                "up": { "texture": "#2", "uv": [ 0.0, 0.0, 0.5, 2.0 ] },
                "down": { "texture": "#2", "uv": [ 0.0, 0.0, 0.5, 2.0 ] }
            }
        },
        {
            "name": "back_inside_seal",
            "from": [ 2.0, 13.0, 0.5 ], 
            "to": [ 19.0, 15.0, 1.0 ], 
            "rotation": { "origin": [ 2.0, 14.0, 1.0 ], "axis": "z", "angle": -45.0 },
            "faces": {
                "north": { "texture": "#2", "uv": [ 0.0, 0.0, 16.0, 2.0 ] },
                "east": { "texture": "#2", "uv": [ 0.0, 0.0, 0.5, 2.0 ] },
                "south": { "texture": "#2", "uv": [ 0.0, 0.0, 16.0, 2.0 ] },
                "west": { "texture": "#2", "uv": [ 0.0, 0.0, 0.5, 2.0 ] },
                "up": { "texture": "#2", "uv": [ 0.0, 0.0, 16.0, 0.5 ] },
                "down": { "texture": "#2", "uv": [ 0.0, 0.0, 16.0, 0.5 ] }
            }
        },
        {
            "name": "front_inside_seal",
            "from": [ 2.0, 1.0, 15.0 ], 
            "to": [ 19.0, 3.0, 15.5 ], 
            "rotation": { "origin": [ 2.0, 2.0, 15.0 ], "axis": "z", "angle": 45.0 },
            "faces": {
                "north": { "texture": "#2", "uv": [ 0.0, 0.0, 16.0, 2.0 ] },
                "east": { "texture": "#2", "uv": [ 0.0, 0.0, 0.5, 2.0 ] },
                "south": { "texture": "#2", "uv": [ 0.0, 0.0, 16.0, 2.0 ] },
                "west": { "texture": "#2", "uv": [ 0.0, 0.0, 0.5, 2.0 ] },
                "up": { "texture": "#2", "uv": [ 0.0, 0.0, 16.0, 0.5 ] },
                "down": { "texture": "#2", "uv": [ 0.0, 0.0, 16.0, 0.5 ] }
            }
        },
        {
            "name": "top_inside_seal",
            "from": [ 2.0, 15.0, 1.0 ], 
            "to": [ 19.0, 15.5, 3.0 ], 
            "rotation": { "origin": [ 2.0, 15.0, 2.0 ], "axis": "y", "angle": -45.0 },
            "faces": {
                "north": { "texture": "#2", "uv": [ 0.0, 0.0, 16.0, 0.5 ] },
                "east": { "texture": "#2", "uv": [ 0.0, 0.0, 2.0, 0.5 ] },
                "south": { "texture": "#2", "uv": [ 0.0, 0.0, 16.0, 0.5 ] },
                "west": { "texture": "#2", "uv": [ 0.0, 0.0, 2.0, 0.5 ] },
                "up": { "texture": "#2", "uv": [ 0.0, 0.0, 16.0, 2.0 ] },
                "down": { "texture": "#2", "uv": [ 0.0, 0.0, 16.0, 2.0 ] }
            }
        },
        {
            "name": "bottom_inside_seal",
            "from": [ 2.0, 0.5, 13.0 ], 
            "to": [ 19.0, 1.0, 15.0 ], 
            "rotation": { "origin": [ 2.0, 1.0, 14.0 ], "axis": "y", "angle": 45.0 },
            "faces": {
                "north": { "texture": "#2", "uv": [ 0.0, 0.0, 16.0, 0.5 ] },
                "east": { "texture": "#2", "uv": [ 0.0, 0.0, 2.0, 0.5 ] },
                "south": { "texture": "#2", "uv": [ 0.0, 0.0, 16.0, 0.5 ] },
                "west": { "texture": "#2", "uv": [ 0.0, 0.0, 2.0, 0.5 ] },
                "up": { "texture": "#2", "uv": [ 0.0, 0.0, 16.0, 2.0 ] },
                "down": { "texture": "#2", "uv": [ 0.0, 0.0, 16.0, 2.0 ] }
            }
        }
    ]
}