{
"textures":{
"particle":"#1"
},
"elements":[
{"from": [5.5,0.01,5.5],
"to": [6.0,7.0,10.5],
"faces": {
"up": {"uv": [ 5.5, 5.5, 6.0, 10.5 ],"texture":"#1"},
"down": {"uv": [ 5.5, 5.5, 6.0, 10.5 ],"texture":"#1"},
"north": {"uv": [ 5.5, 0.0, 6.0, 7.0 ],"texture":"#1"},
"south": {"uv": [ 5.5, 0.0, 6.0, 7.0 ],"texture":"#1"},
"west": {"uv": [ 5.5, 0.0, 10.5, 7.0 ],"texture":"#1"},
"east": {"uv": [ 5.5, 0.0, 10.5, 7.0 ],"texture":"#1"}
}
}
,
{"from": [10.0,0.01,5.5],
"to": [10.5,7.0,10.5],
"faces": {
"up": {"uv": [ 10.0, 5.5, 10.5, 10.5 ],"texture":"#1"},
"down": {"uv": [ 10.0, 5.5, 10.5, 10.5 ],"texture":"#1"},
"north": {"uv": [ 10.0, 0.0, 10.5, 7.0 ],"texture":"#1"},
"south": {"uv": [ 10.0, 0.0, 10.5, 7.0 ],"texture":"#1"},
"west": {"uv": [ 5.5, 0.0, 10.5, 7.0 ],"texture":"#1"},
"east": {"uv": [ 5.5, 0.0, 10.5, 7.0 ],"texture":"#1"}
}
}
,
{"from": [6.0,0.01,5.5],
"to": [10.0,7.0,6.0],
"faces": {
"up": {"uv": [ 6.0, 5.5, 10.0, 6.0 ],"texture":"#1"},
"down": {"uv": [ 6.0, 5.5, 10.0, 6.0 ],"texture":"#1"},
"north": {"uv": [ 6.0, 0.0, 10.0, 7.0 ],"texture":"#1"},
"south": {"uv": [ 6.0, 0.0, 10.0, 7.0 ],"texture":"#1"},
"west": {"uv": [ 5.5, 0.0, 6.0, 7.0 ],"texture":"#1"},
"east": {"uv": [ 5.5, 0.0, 6.0, 7.0 ],"texture":"#1"}
}
}
,
{"from": [6.0,0.01,10.0],
"to": [10.0,7.0,10.5],
"faces": {
"up": {"uv": [ 6.0, 10.0, 10.0, 10.5 ],"texture":"#1"},
"down": {"uv": [ 6.0, 10.0, 10.0, 10.5 ],"texture":"#1"},
"north": {"uv": [ 6.0, 0.0, 10.0, 7.0 ],"texture":"#1"},
"south": {"uv": [ 6.0, 0.0, 10.0, 7.0 ],"texture":"#1"},
"west": {"uv": [ 10.0, 0.0, 10.5, 7.0 ],"texture":"#1"},
"east": {"uv": [ 10.0, 0.0, 10.5, 7.0 ],"texture":"#1"}
}
}
,
{"from": [6.0,0.01,6.0],
"to": [10.0,0.5,10.0],
"faces": {
"up": {"uv": [ 6.0, 6.0, 10.0, 10.0 ],"texture":"#1"},
"down": {"uv": [ 6.0, 6.0, 10.0, 10.0 ],"texture":"#1"},
"north": {"uv": [ 6.0, 0.0, 10.0, 0.5 ],"texture":"#1"},
"south": {"uv": [ 6.0, 0.0, 10.0, 0.5 ],"texture":"#1"},
"west": {"uv": [ 6.0, 0.0, 10.0, 0.5 ],"texture":"#1"},
"east": {"uv": [ 6.0, 0.0, 10.0, 0.5 ],"texture":"#1"}
}
}
]
}
