{
    "__comment": "Model generated using MrCrayfish's Model Creator (http://mrcrayfish.com/modelcreator/)",
    "textures": {
        "bar": "blocks/log_oak",
        "particle": "#colour"
    },
    "elements": [
        {
            "name": "Element",
            "from": [ 14.0, 14.0, 0.0 ], 
            "to": [ 16.0, 16.0, 16.0 ], 
            "faces": {
                "north": { "texture": "#bar", "uv": [ 14.0, 14.0, 16.0, 16.0 ] },
                "east": { "texture": "#bar", "uv": [ 0.0, 14.0, 16.0, 16.0 ] },
                "south": { "texture": "#bar", "uv": [ 14.0, 14.0, 16.0, 16.0 ] },
                "west": { "texture": "#bar", "uv": [ 0.0, 14.0, 16.0, 16.0 ] },
                "up": { "texture": "#bar", "uv": [ 14.0, 0.0, 16.0, 16.0 ] },
                "down": { "texture": "#bar", "uv": [ 14.0, 0.0, 16.0, 16.0 ] }
            }
        },
        {
            "name": "Element",
            "from": [ 15.0, 2.0, 0.0 ], 
            "to": [ 16.0, 4.0, 1.0 ], 
            "faces": {
                "north": { "texture": "#colour", "uv": [ 15.0, 2.0, 16.0, 4.0 ] },
                "east": { "texture": "#colour", "uv": [ 0.0, 2.0, 1.0, 4.0 ] },
                "south": { "texture": "#colour", "uv": [ 15.0, 2.0, 16.0, 4.0 ] },
                "west": { "texture": "#colour", "uv": [ 0.0, 2.0, 1.0, 4.0 ] },
                "down": { "texture": "#colour", "uv": [ 15.0, 0.0, 16.0, 1.0 ] }
            }
        },
        {
            "name": "Element",
            "from": [ 15.0, 4.0, 0.0 ], 
            "to": [ 16.0, 6.0, 2.0 ], 
            "faces": {
                "north": { "texture": "#colour", "uv": [ 15.0, 5.0, 16.0, 7.0 ] },
                "east": { "texture": "#colour", "uv": [ 0.0, 5.0, 2.0, 7.0 ] },
                "south": { "texture": "#colour", "uv": [ 15.0, 5.0, 16.0, 7.0 ] },
                "west": { "texture": "#colour", "uv": [ 0.0, 5.0, 2.0, 7.0 ] },
                "down": { "texture": "#colour", "uv": [ 15.0, 0.0, 16.0, 2.0 ] }
            }
        },
        {
            "name": "Element",
            "from": [ 15.0, 6.0, 0.0 ], 
            "to": [ 16.0, 8.0, 3.0 ], 
            "faces": {
                "north": { "texture": "#colour", "uv": [ 15.0, 6.0, 16.0, 8.0 ] },
                "east": { "texture": "#colour", "uv": [ 0.0, 6.0, 3.0, 8.0 ] },
                "south": { "texture": "#colour", "uv": [ 15.0, 6.0, 16.0, 8.0 ] },
                "west": { "texture": "#colour", "uv": [ 0.0, 6.0, 3.0, 8.0 ] },
                "down": { "texture": "#colour", "uv": [ 15.0, 0.0, 16.0, 3.0 ] }
            }
        },
        {
            "name": "Element",
            "from": [ 15.0, 8.0, 0.0 ], 
            "to": [ 16.0, 11.0, 4.0 ], 
            "faces": {
                "north": { "texture": "#colour", "uv": [ 15.0, 8.0, 16.0, 11.0 ] },
                "east": { "texture": "#colour", "uv": [ 0.0, 8.0, 4.0, 11.0 ] },
                "south": { "texture": "#colour", "uv": [ 15.0, 8.0, 16.0, 11.0 ] },
                "west": { "texture": "#colour", "uv": [ 0.0, 8.0, 4.0, 11.0 ] },
                "down": { "texture": "#colour", "uv": [ 15.0, 0.0, 16.0, 4.0 ] }
            }
        },
        {
            "name": "Element",
            "from": [ 15.0, 11.0, 0.0 ], 
            "to": [ 16.0, 14.0, 5.0 ], 
            "faces": {
                "north": { "texture": "#colour", "uv": [ 15.0, 11.0, 16.0, 14.0 ] },
                "east": { "texture": "#colour", "uv": [ 0.0, 11.0, 5.0, 14.0 ] },
                "south": { "texture": "#colour", "uv": [ 15.0, 11.0, 16.0, 14.0 ] },
                "west": { "texture": "#colour", "uv": [ 0.0, 11.0, 5.0, 14.0 ] },
                "down": { "texture": "#colour", "uv": [ 15.0, 0.0, 16.0, 5.0 ] }
            }
        },
        {
            "name": "Element",
            "from": [ 15.0, 2.0, 15.0 ], 
            "to": [ 16.0, 4.0, 16.0 ], 
            "faces": {
                "north": { "texture": "#colour", "uv": [ 15.0, 2.0, 16.0, 4.0 ] },
                "east": { "texture": "#colour", "uv": [ 13.0, 2.0, 14.0, 4.0 ] },
                "south": { "texture": "#colour", "uv": [ 15.0, 2.0, 16.0, 4.0 ] },
                "west": { "texture": "#colour", "uv": [ 13.0, 2.0, 14.0, 4.0 ] },
                "down": { "texture": "#colour", "uv": [ 15.0, 13.0, 16.0, 14.0 ] }
            }
        },
        {
            "name": "Element",
            "from": [ 15.0, 4.0, 14.0 ], 
            "to": [ 16.0, 6.0, 16.0 ], 
            "faces": {
                "north": { "texture": "#colour", "uv": [ 15.0, 5.0, 16.0, 7.0 ] },
                "east": { "texture": "#colour", "uv": [ 14.0, 5.0, 16.0, 7.0 ] },
                "south": { "texture": "#colour", "uv": [ 15.0, 5.0, 16.0, 7.0 ] },
                "west": { "texture": "#colour", "uv": [ 14.0, 5.0, 16.0, 7.0 ] },
                "down": { "texture": "#colour", "uv": [ 15.0, 14.0, 16.0, 16.0 ] }
            }
        },
        {
            "name": "Element",
            "from": [ 15.0, 6.0, 13.0 ], 
            "to": [ 16.0, 8.0, 16.0 ], 
            "faces": {
                "north": { "texture": "#colour", "uv": [ 15.0, 6.0, 16.0, 8.0 ] },
                "east": { "texture": "#colour", "uv": [ 13.0, 6.0, 16.0, 8.0 ] },
                "south": { "texture": "#colour", "uv": [ 15.0, 6.0, 16.0, 8.0 ] },
                "west": { "texture": "#colour", "uv": [ 13.0, 6.0, 16.0, 8.0 ] },
                "down": { "texture": "#colour", "uv": [ 15.0, 13.0, 16.0, 16.0 ] }
            }
        },
        {
            "name": "Element",
            "from": [ 15.0, 8.0, 12.0 ], 
            "to": [ 16.0, 11.0, 16.0 ], 
            "faces": {
                "north": { "texture": "#colour", "uv": [ 15.0, 8.0, 16.0, 11.0 ] },
                "east": { "texture": "#colour", "uv": [ 12.0, 8.0, 16.0, 11.0 ] },
                "south": { "texture": "#colour", "uv": [ 15.0, 8.0, 16.0, 11.0 ] },
                "west": { "texture": "#colour", "uv": [ 12.0, 8.0, 16.0, 11.0 ] },
                "down": { "texture": "#colour", "uv": [ 15.0, 12.0, 16.0, 16.0 ] }
            }
        },
        {
            "name": "Element",
            "from": [ 15.0, 11.0, 11.0 ], 
            "to": [ 16.0, 14.0, 16.0 ], 
            "faces": {
                "north": { "texture": "#colour", "uv": [ 15.0, 11.0, 16.0, 14.0 ] },
                "east": { "texture": "#colour", "uv": [ 11.0, 11.0, 16.0, 14.0 ] },
                "south": { "texture": "#colour", "uv": [ 15.0, 11.0, 16.0, 14.0 ] },
                "west": { "texture": "#colour", "uv": [ 11.0, 11.0, 16.0, 14.0 ] },
                "down": { "texture": "#colour", "uv": [ 15.0, 11.0, 16.0, 16.0 ] }
            }
        }
    ]
}