{
    "__comment": "Model generated using MrCrayfish's Model Creator (http://mrcrayfish.com/modelcreator/)",
    "textures": {
        "bar": "blocks/log_oak",
        "particle": "#colour"
    },
    "elements": [
        {
            "name": "Element",
            "from": [ 14.0, 14.0, 0.0 ], 
            "to": [ 16.0, 16.0, 16.0 ], 
            "faces": {
                "north": { "texture": "#bar", "uv": [ 14.0, 14.0, 16.0, 16.0 ] },
                "east": { "texture": "#bar", "uv": [ 0.0, 14.0, 16.0, 16.0 ] },
                "south": { "texture": "#bar", "uv": [ 14.0, 14.0, 16.0, 16.0 ] },
                "west": { "texture": "#bar", "uv": [ 0.0, 14.0, 16.0, 16.0 ] },
                "up": { "texture": "#bar", "uv": [ 14.0, 0.0, 16.0, 16.0 ] },
                "down": { "texture": "#bar", "uv": [ 14.0, 0.0, 16.0, 16.0 ] }
            }
        }
    ]
}