{
	"textures": {
		"bar": "blocks/log_oak",
		"particle": "#colour"
	},
	"elements": [{
			"from": [14.0, 14.0, 0.0],
			"to": [16.0, 16.0, 16.0],
			"faces": {
				"up": {
					"uv": [14.0, 0.0, 16.0, 16.0],
					"texture": "#bar"
				},
				"down": {
					"uv": [14.0, 0.0, 16.0, 16.0],
					"texture": "#bar"
				},
				"north": {
					"uv": [14.0, 14.0, 16.0, 16.0],
					"texture": "#bar"
				},
				"south": {
					"uv": [14.0, 14.0, 16.0, 16.0],
					"texture": "#bar"
				},
				"west": {
					"uv": [0.0, 14.0, 16.0, 16.0],
					"texture": "#bar"
				},
				"east": {
					"uv": [0.0, 14.0, 16.0, 16.0],
					"texture": "#bar"
				}
			}
		},
		{
			"from": [15.0, 1.0, 0.0],
			"to": [16.0, 14.0, 16.0016],
			"faces": {
				"up": {
					"uv": [15.0, -0.0015999999999998238, 16.0, 16.0],
					"texture": "#colour"
				},
				"down": {
					"uv": [15.0, -0.0015999999999998238, 16.0, 16.0],
					"texture": "#colour"
				},
				"north": {
					"uv": [15.0, 1.0, 16.0, 14.0],
					"texture": "#colour"
				},
				"south": {
					"uv": [15.0, 1.0, 16.0, 14.0],
					"texture": "#colour"
				},
				"west": {
					"uv": [-0.0015999999999998238, 1.0, 16.0, 14.0],
					"texture": "#colour"
				},
				"east": {
					"uv": [-0.0015999999999998238, 1.0, 16.0, 14.0],
					"texture": "#colour"
				}
			}
		}
	]
}