{
    "__comment": "Model generated using MrCrayfish's Model Creator (https://mrcrayfish.com/tools?id=mc)",
    "textures": {
        "concrete_silver": "minecraft:blocks/concrete_silver",
        "concrete_yellow": "minecraft:blocks/concrete_yellow",
        "concrete_blue": "minecraft:blocks/concrete_blue",
        "concrete_white": "minecraft:blocks/concrete_white",
        "concrete_red": "minecraft:blocks/concrete_red"
    },
    "display": {
        "gui": {
            "rotation": [ 25, 125, 0 ],
            "translation": [ 0, 3.478, 0 ],
            "scale": [ 1, 1, 1 ]
        },
        "ground": {
            "rotation": [ 0, 0, 0 ],
            "translation": [ 0, 2, 0 ],
            "scale": [ 0.5, 0.5, 0.5 ]
        },
        "fixed": {
            "rotation": [ 0, -90, 0 ],
            "translation": [ 0, 6.261, 0 ],
            "scale": [ 1.5, 1.5, 1.5 ]
        },
        "head": {
            "rotation": [ 0, -90, 0 ],
            "translation": [ 0, 14.608, 0 ],
            "scale": [ 1, 1, 1 ]
        },
        "firstperson_righthand": {
            "rotation": [ 0, 0, 0 ],
            "translation": [ 0, 3.5, 1.5 ],
            "scale": [ 1, 1, 1 ]
        },
        "thirdperson_righthand": {
            "rotation": [ 80, 0, 0 ],
            "translation": [ 0, 4.5, 4.391 ],
            "scale": [ 1, 1, 1 ]
        }
    },
    "elements": [
        {
            "name": "Element",
            "from": [ 7, 0, 6 ], 
            "to": [ 8, 3, 7 ], 
            "faces": {
                "north": { "texture": "#concrete_blue", "uv": [ 1, 0, 15, 16 ] },
                "south": { "texture": "#concrete_white", "uv": [ 1, 0, 15, 16 ] },
                "west": { "texture": "#concrete_blue", "uv": [ 14, 0, 16, 16 ] },
                "down": { "texture": "#concrete_silver", "uv": [ 0, 0, 1, 1 ] }
            }
        },
        {
            "name": "Element",
            "from": [ 6, 0, 7 ], 
            "to": [ 7, 3, 9 ], 
            "faces": {
                "north": { "texture": "#concrete_blue", "uv": [ 0, 0, 2, 16 ] },
                "east": { "texture": "#concrete_white", "uv": [ 1, 0, 15, 16 ] },
                "south": { "texture": "#concrete_blue", "uv": [ 14, 0, 16, 16 ] },
                "west": { "texture": "#concrete_blue", "uv": [ 1, 0, 15, 16 ] },
                "down": { "texture": "#concrete_silver", "uv": [ 0, 0, 4, 1 ] }
            }
        },
        {
            "name": "Element",
            "from": [ 7, 0, 9 ], 
            "to": [ 8, 4, 10 ], 
            "faces": {
                "south": { "texture": "#concrete_blue", "uv": [ 1, 0, 15, 16 ] },
                "west": { "texture": "#concrete_blue", "uv": [ 0, 0, 2, 16 ] },
                "down": { "texture": "#concrete_silver", "uv": [ 0, 0, 1, 1 ] }
            }
        },
        {
            "name": "Element",
            "from": [ 9, 0, 7 ], 
            "to": [ 10, 3, 9 ], 
            "faces": {
                "north": { "texture": "#concrete_white", "uv": [ 14, 0, 16, 16 ] },
                "east": { "texture": "#concrete_white", "uv": [ 1, 0, 15, 16 ] },
                "south": { "texture": "#concrete_white", "uv": [ 0, 0, 2, 16 ] },
                "west": { "texture": "#concrete_blue", "uv": [ 1, 0, 15, 16 ] },
                "down": { "texture": "#concrete_silver", "uv": [ 0, 0, 4, 1 ] }
            }
        },
        {
            "name": "Element",
            "from": [ 7, 0, 7 ], 
            "to": [ 9, 1, 9 ], 
            "faces": {
                "down": { "texture": "#concrete_silver", "uv": [ 0, 0, 1, 1 ] }
            }
        },
        {
            "name": "Element",
            "from": [ 7, 7, 7 ], 
            "to": [ 9, 8, 9 ], 
            "faces": {
                "up": { "texture": "#concrete_white", "uv": [ 0, 0, 1, 1 ] }
            }
        },
        {
            "name": "Element",
            "from": [ 7, 4, 6 ], 
            "to": [ 9, 5, 7 ], 
            "faces": {
                "north": { "texture": "#concrete_red", "uv": [ 1, 0, 15, 16 ] },
                "east": { "texture": "#concrete_red", "uv": [ 0, 0, 2, 16 ] },
                "south": { "texture": "#concrete_white", "uv": [ 1, 0, 15, 16 ] },
                "west": { "texture": "#concrete_red", "uv": [ 14, 0, 16, 16 ] },
                "up": { "texture": "#concrete_silver", "uv": [ 0, 0, 2, 1 ] }
            }
        },
        {
            "name": "Element",
            "from": [ 9, 5, 7 ], 
            "to": [ 10, 8, 9 ], 
            "faces": {
                "north": { "texture": "#concrete_blue", "uv": [ 14, 0, 16, 16 ] },
                "east": { "texture": "#concrete_blue", "uv": [ 1, 0, 15, 16 ] },
                "south": { "texture": "#concrete_blue", "uv": [ 0, 0, 2, 16 ] },
                "west": { "texture": "#concrete_blue", "uv": [ 1, 0, 15, 16 ] },
                "up": { "texture": "#concrete_silver", "uv": [ 0, 0, 4, 1 ] }
            }
        },
        {
            "name": "Element",
            "from": [ 9, 4, 7 ], 
            "to": [ 10, 5, 9 ], 
            "faces": {
                "north": { "texture": "#concrete_red", "uv": [ 14, 0, 16, 16 ] },
                "east": { "texture": "#concrete_blue", "uv": [ 1, 0, 15, 16 ] },
                "south": { "texture": "#concrete_blue", "uv": [ 0, 0, 2, 16 ] },
                "west": { "texture": "#concrete_blue", "uv": [ 1, 0, 15, 16 ] }
            }
        },
        {
            "name": "Element",
            "from": [ 6, 5, 7 ], 
            "to": [ 7, 8, 9 ], 
            "faces": {
                "north": { "texture": "#concrete_white", "uv": [ 0, 0, 2, 16 ] },
                "east": { "texture": "#concrete_white", "uv": [ 1, 0, 15, 16 ] },
                "south": { "texture": "#concrete_white", "uv": [ 14, 0, 16, 16 ] },
                "west": { "texture": "#concrete_white", "uv": [ 1, 0, 15, 16 ] },
                "up": { "texture": "#concrete_silver", "uv": [ 0, 0, 4, 1 ] }
            }
        },
        {
            "name": "Element",
            "from": [ 6, 4, 7 ], 
            "to": [ 7, 5, 9 ], 
            "faces": {
                "north": { "texture": "#concrete_red", "uv": [ 0, 0, 2, 16 ] },
                "east": { "texture": "#concrete_white", "uv": [ 1, 0, 15, 16 ] },
                "south": { "texture": "#concrete_white", "uv": [ 14, 0, 16, 16 ] },
                "west": { "texture": "#concrete_white", "uv": [ 1, 0, 15, 16 ] }
            }
        },
        {
            "name": "Element",
            "from": [ 8, 5, 6 ], 
            "to": [ 9, 8, 7 ], 
            "faces": {
                "north": { "texture": "#concrete_blue", "uv": [ 1, 0, 15, 16 ] },
                "east": { "texture": "#concrete_blue", "uv": [ 0, 0, 2, 16 ] },
                "south": { "texture": "#concrete_white", "uv": [ 1, 0, 15, 16 ] },
                "up": { "texture": "#concrete_silver", "uv": [ 0, 0, 1, 1 ] }
            }
        },
        {
            "name": "Element",
            "from": [ 8, 0, 6 ], 
            "to": [ 9, 3, 7 ], 
            "faces": {
                "north": { "texture": "#concrete_white", "uv": [ 1, 0, 15, 16 ] },
                "east": { "texture": "#concrete_white", "uv": [ 0, 0, 2, 16 ] },
                "south": { "texture": "#concrete_white", "uv": [ 1, 0, 15, 16 ] },
                "down": { "texture": "#concrete_silver", "uv": [ 0, 0, 1, 1 ] }
            }
        },
        {
            "name": "Element",
            "from": [ 7, 5, 6 ], 
            "to": [ 8, 8, 7 ], 
            "faces": {
                "north": { "texture": "#concrete_white", "uv": [ 1, 0, 15, 16 ] },
                "south": { "texture": "#concrete_white", "uv": [ 1, 0, 15, 16 ] },
                "west": { "texture": "#concrete_white", "uv": [ 14, 0, 16, 16 ] },
                "up": { "texture": "#concrete_silver", "uv": [ 0, 0, 1, 1 ] }
            }
        },
        {
            "name": "Element",
            "from": [ 6, 3, 7 ], 
            "to": [ 7, 4, 9 ], 
            "faces": {
                "north": { "texture": "#concrete_red", "uv": [ 0, 0, 2, 16 ] },
                "east": { "texture": "#concrete_white", "uv": [ 1, 0, 15, 16 ] },
                "south": { "texture": "#concrete_blue", "uv": [ 14, 0, 16, 16 ] },
                "west": { "texture": "#concrete_blue", "uv": [ 1, 0, 15, 16 ] }
            }
        },
        {
            "name": "Element",
            "from": [ 8, 4, 9 ], 
            "to": [ 9, 8, 10 ], 
            "faces": {
                "east": { "texture": "#concrete_blue", "uv": [ 14, 0, 16, 16 ] },
                "south": { "texture": "#concrete_blue", "uv": [ 1, 0, 15, 16 ] },
                "up": { "texture": "#concrete_silver", "uv": [ 0, 0, 1, 1 ] }
            }
        },
        {
            "name": "Element",
            "from": [ 7, 4, 9 ], 
            "to": [ 8, 8, 10 ], 
            "faces": {
                "south": { "texture": "#concrete_white", "uv": [ 1, 0, 15, 16 ] },
                "west": { "texture": "#concrete_white", "uv": [ 0, 0, 2, 16 ] },
                "up": { "texture": "#concrete_silver", "uv": [ 0, 0, 1, 1 ] }
            }
        },
        {
            "name": "Element",
            "from": [ 8, 0, 9 ], 
            "to": [ 9, 4, 10 ], 
            "faces": {
                "east": { "texture": "#concrete_white", "uv": [ 14, 0, 16, 16 ] },
                "south": { "texture": "#concrete_white", "uv": [ 1, 0, 15, 16 ] },
                "down": { "texture": "#concrete_silver", "uv": [ 0, 0, 1, 1 ] }
            }
        },
        {
            "name": "Element",
            "from": [ 9, 3, 7 ], 
            "to": [ 10, 4, 9 ], 
            "faces": {
                "north": { "texture": "#concrete_red", "uv": [ 14, 0, 16, 16 ] },
                "east": { "texture": "#concrete_white", "uv": [ 1, 0, 15, 16 ] },
                "south": { "texture": "#concrete_white", "uv": [ 0, 0, 2, 16 ] },
                "west": { "texture": "#concrete_blue", "uv": [ 1, 0, 15, 16 ] }
            }
        },
        {
            "name": "Element",
            "from": [ 7, 3, 6 ], 
            "to": [ 9, 4, 7 ], 
            "faces": {
                "north": { "texture": "#concrete_yellow", "uv": [ 1, 0, 15, 16 ] },
                "east": { "texture": "#concrete_yellow", "uv": [ 0, 0, 2, 16 ] },
                "south": { "texture": "#concrete_white", "uv": [ 1, 0, 15, 16 ] },
                "west": { "texture": "#concrete_yellow", "uv": [ 14, 0, 16, 16 ] },
                "down": { "texture": "#concrete_silver", "uv": [ 0, 0, 2, 1 ] }
            }
        }
    ]
}