{
    "__comment": "Model generated using MrCrayfish's Model Creator (https://mrcrayfish.com/tools?id=mc)",
    "textures": {
        "glass": "minecraft:blocks/glass",
        "concrete_orange": "minecraft:blocks/concrete_orange",
        "concrete_blue": "minecraft:blocks/concrete_blue",
        "glass_orange": "minecraft:blocks/glass_orange",
        "concrete_cyan": "minecraft:blocks/concrete_cyan"
    },
    "display": {
        "gui": {
            "rotation": [ 25, 125, 0 ],
            "translation": [ 0, 3.478, 0 ],
            "scale": [ 1, 1, 1 ]
        },
        "ground": {
            "rotation": [ 0, 0, 0 ],
            "translation": [ 0, 2, 0 ],
            "scale": [ 0.5, 0.5, 0.5 ]
        },
        "fixed": {
            "rotation": [ 0, -90, 0 ],
            "translation": [ 0, 6.261, 0 ],
            "scale": [ 1.5, 1.5, 1.5 ]
        },
        "head": {
            "rotation": [ 0, -90, 0 ],
            "translation": [ 0, 14.608, 0 ],
            "scale": [ 1, 1, 1 ]
        },
        "firstperson_righthand": {
            "rotation": [ 0, 0, 0 ],
            "translation": [ 0, 3.5, 1.5 ],
            "scale": [ 1, 1, 1 ]
        },
        "thirdperson_righthand": {
            "rotation": [ 80, 0, 0 ],
            "translation": [ 0, 4.5, 4.391 ],
            "scale": [ 1, 1, 1 ]
        }
    },
    "elements": [
        {
            "name": "Bottom",
            "from": [ 6.5, 0, 6.5 ], 
            "to": [ 9.5, 1, 9.5 ], 
            "faces": {
                "north": { "texture": "#concrete_cyan", "uv": [ 0, 0, 3, 1 ] },
                "east": { "texture": "#concrete_cyan", "uv": [ 0, 0, 3, 1 ] },
                "south": { "texture": "#concrete_cyan", "uv": [ 0, 0, 3, 1 ] },
                "west": { "texture": "#concrete_cyan", "uv": [ 0, 0, 3, 1 ] },
                "up": { "texture": "#concrete_orange", "uv": [ 0, 0, 3, 3 ] },
                "down": { "texture": "#glass_orange", "uv": [ 0, 0, 3, 3 ] }
            }
        },
        {
            "name": "Cube",
            "from": [ 6.822, 3.83, 6.822 ], 
            "to": [ 9.252, 4.57, 9.252 ], 
            "faces": {
                "north": { "texture": "#concrete_cyan", "uv": [ 0, 0, 2.43, 0.74 ] },
                "east": { "texture": "#concrete_blue", "uv": [ 0, 0, 2.43, 0.74 ] },
                "south": { "texture": "#concrete_cyan", "uv": [ 0, 0, 2.43, 0.74 ] },
                "west": { "texture": "#concrete_blue", "uv": [ 0, 0, 2.43, 0.74 ] }
            }
        },
        {
            "name": "Bottom",
            "from": [ 6.5, 7.4, 6.5 ], 
            "to": [ 9.5, 8.4, 9.5 ], 
            "faces": {
                "north": { "texture": "#concrete_orange", "uv": [ 0, 0, 3, 1 ] },
                "east": { "texture": "#concrete_cyan", "uv": [ 0, 0, 3, 1 ] },
                "south": { "texture": "#concrete_orange", "uv": [ 0, 0, 3, 1 ] },
                "west": { "texture": "#concrete_cyan", "uv": [ 0, 0, 3, 1 ] },
                "up": { "texture": "#concrete_orange", "uv": [ 0, 0, 3, 3 ] },
                "down": { "texture": "#concrete_orange", "uv": [ 0, 0, 3, 3 ] }
            }
        },
        {
            "name": "Cube",
            "from": [ 6.763, 4.57, 6.763 ], 
            "to": [ 9.307, 5.31, 9.307 ], 
            "faces": {
                "north": { "texture": "#concrete_cyan", "uv": [ 0, 0, 2.544, 0.74 ] },
                "east": { "texture": "#concrete_blue", "uv": [ 0, 0, 2.544, 0.74 ] },
                "south": { "texture": "#concrete_cyan", "uv": [ 0, 0, 2.544, 0.74 ] },
                "west": { "texture": "#concrete_blue", "uv": [ 0, 0, 2.544, 0.74 ] },
                "down": { "texture": "#concrete_cyan", "uv": [ 0, 0, 2.544, 2.544 ] }
            }
        },
        {
            "name": "Cube",
            "from": [ 6.703, 5.31, 6.703 ], 
            "to": [ 9.361, 6.05, 9.361 ], 
            "faces": {
                "north": { "texture": "#concrete_cyan", "uv": [ 0, 0, 2.658, 0.74 ] },
                "east": { "texture": "#concrete_cyan", "uv": [ 0, 0, 2.658, 0.74 ] },
                "south": { "texture": "#concrete_cyan", "uv": [ 0, 0, 2.658, 0.74 ] },
                "west": { "texture": "#concrete_cyan", "uv": [ 0, 0, 2.658, 0.74 ] },
                "down": { "texture": "#concrete_cyan", "uv": [ 0, 0, 2.658, 2.658 ] }
            }
        },
        {
            "name": "Cube",
            "from": [ 6.644, 6.05, 6.644 ], 
            "to": [ 9.416, 6.79, 9.416 ], 
            "faces": {
                "north": { "texture": "#concrete_cyan", "uv": [ 0, 0, 2.772, 0.74 ] },
                "east": { "texture": "#concrete_cyan", "uv": [ 0, 0, 2.772, 0.74 ] },
                "south": { "texture": "#concrete_cyan", "uv": [ 0, 0, 2.772, 0.74 ] },
                "west": { "texture": "#concrete_cyan", "uv": [ 0, 0, 2.772, 0.74 ] },
                "down": { "texture": "#concrete_cyan", "uv": [ 0, 0, 2.772, 2.772 ] }
            }
        },
        {
            "name": "Cube",
            "from": [ 6.585, 6.79, 6.585 ], 
            "to": [ 9.471, 7.53, 9.471 ], 
            "faces": {
                "north": { "texture": "#concrete_cyan", "uv": [ 0, 0, 2.886, 0.74 ] },
                "east": { "texture": "#concrete_cyan", "uv": [ 0, 0, 2.886, 0.74 ] },
                "south": { "texture": "#concrete_cyan", "uv": [ 0, 0, 2.886, 0.74 ] },
                "west": { "texture": "#concrete_cyan", "uv": [ 0, 0, 2.886, 0.74 ] },
                "down": { "texture": "#concrete_cyan", "uv": [ 0, 0, 2.886, 2.886 ] }
            }
        },
        {
            "name": "Cube",
            "from": [ 6.585, 1, 6.585 ], 
            "to": [ 9.471, 1.74, 9.471 ], 
            "faces": {
                "north": { "texture": "#concrete_orange", "uv": [ 0, 0, 2.886, 0.74 ] },
                "east": { "texture": "#concrete_orange", "uv": [ 0, 0, 2.886, 0.74 ] },
                "south": { "texture": "#concrete_orange", "uv": [ 0, 0, 2.886, 0.74 ] },
                "west": { "texture": "#concrete_orange", "uv": [ 0, 0, 2.886, 0.74 ] },
                "up": { "texture": "#concrete_orange", "uv": [ 0, 0, 2.886, 2.886 ] }
            }
        },
        {
            "name": "Cube",
            "from": [ 6.644, 1.74, 6.644 ], 
            "to": [ 9.416, 2.48, 9.416 ], 
            "faces": {
                "north": { "texture": "#concrete_cyan", "uv": [ 0, 0, 2.772, 0.74 ] },
                "east": { "texture": "#concrete_cyan", "uv": [ 0, 0, 2.772, 0.74 ] },
                "south": { "texture": "#concrete_cyan", "uv": [ 0, 0, 2.772, 0.74 ] },
                "west": { "texture": "#concrete_cyan", "uv": [ 0, 0, 2.772, 0.74 ] },
                "up": { "texture": "#concrete_cyan", "uv": [ 0, 0, 2.772, 2.772 ] }
            }
        },
        {
            "name": "Cube",
            "from": [ 6.703, 2.48, 6.703 ], 
            "to": [ 9.361, 3.22, 9.361 ], 
            "faces": {
                "north": { "texture": "#concrete_cyan", "uv": [ 0, 0, 2.658, 0.74 ] },
                "east": { "texture": "#concrete_blue", "uv": [ 0, 0, 2.658, 0.74 ] },
                "south": { "texture": "#concrete_cyan", "uv": [ 0, 0, 2.658, 0.74 ] },
                "west": { "texture": "#concrete_blue", "uv": [ 0, 0, 2.658, 0.74 ] },
                "up": { "texture": "#concrete_cyan", "uv": [ 0, 0, 2.658, 2.658 ] }
            }
        },
        {
            "name": "Cube",
            "from": [ 6.763, 3.22, 6.763 ], 
            "to": [ 9.307, 3.96, 9.307 ], 
            "faces": {
                "north": { "texture": "#concrete_cyan", "uv": [ 0, 0, 2.544, 0.74 ] },
                "east": { "texture": "#concrete_blue", "uv": [ 0, 0, 2.544, 0.74 ] },
                "south": { "texture": "#concrete_cyan", "uv": [ 0, 0, 2.544, 0.74 ] },
                "west": { "texture": "#concrete_blue", "uv": [ 0, 0, 2.544, 0.74 ] },
                "up": { "texture": "#concrete_cyan", "uv": [ 0, 0, 2.544, 2.544 ] }
            }
        },
        {
            "name": "Cube",
            "from": [ 7, 8.4, 7 ], 
            "to": [ 9, 8.6, 9 ], 
            "faces": {
                "north": { "texture": "#concrete_orange", "uv": [ 0, 0, 2, 0.2 ] },
                "east": { "texture": "#concrete_orange", "uv": [ 0, 0, 2, 0.2 ] },
                "south": { "texture": "#concrete_orange", "uv": [ 0, 0, 2, 0.2 ] },
                "west": { "texture": "#concrete_orange", "uv": [ 0, 0, 2, 0.2 ] },
                "up": { "texture": "#concrete_orange", "uv": [ 0, 0, 2, 2 ] }
            }
        },
        {
            "name": "Cube",
            "from": [ 7.5, 8.4, 7.5 ], 
            "to": [ 8.5, 9.4, 8.5 ], 
            "faces": {
                "north": { "texture": "#glass", "uv": [ 0, 0, 1, 1 ] },
                "east": { "texture": "#glass", "uv": [ 0, 0, 1, 1 ] },
                "south": { "texture": "#glass", "uv": [ 0, 0, 1, 1 ] },
                "west": { "texture": "#glass", "uv": [ 0, 0, 1, 1 ] }
            }
        },
        {
            "name": "Cube",
            "from": [ 7.4, 8.87, 7.4 ], 
            "to": [ 8.6, 9.57, 8.6 ], 
            "faces": {
                "north": { "texture": "#concrete_orange", "uv": [ 0, 0, 1.2, 0.7 ] },
                "east": { "texture": "#concrete_orange", "uv": [ 0, 0, 1.2, 0.7 ] },
                "south": { "texture": "#concrete_orange", "uv": [ 0, 0, 1.2, 0.7 ] },
                "west": { "texture": "#concrete_orange", "uv": [ 0, 0, 1.2, 0.7 ] },
                "up": { "texture": "#concrete_orange", "uv": [ 0, 0, 1.2, 1.2 ] },
                "down": { "texture": "#concrete_orange", "uv": [ 0, 0, 1.2, 1.2 ] }
            }
        },
        {
            "name": "Cube",
            "from": [ 7.6, 8.87, 7.6 ], 
            "to": [ 8.4, 9.97, 8.4 ], 
            "faces": {
                "north": { "texture": "#concrete_orange", "uv": [ 0, 0, 0.8, 1.1 ] },
                "east": { "texture": "#concrete_orange", "uv": [ 0, 0, 0.8, 1.1 ] },
                "south": { "texture": "#concrete_orange", "uv": [ 0, 0, 0.8, 1.1 ] },
                "west": { "texture": "#concrete_orange", "uv": [ 0, 0, 0.8, 1.1 ] },
                "up": { "texture": "#concrete_orange", "uv": [ 0, 0, 0.8, 0.8 ] }
            }
        }
    ]
}